transaction_id,customer_id,project_id,unit_id,demand_amount,collected_amount,outstanding_amount,discount_amount,refund_amount,payment_delay_days,demand_date,payment_date
TXN001462,CUST5707,PROJ-1008,C-0801,922000,468000,454000,0,0,1,2025-08-13,2025-08-14
TXN000051,CUST4266,PROJ-1004,A-2003,732000,0,732000,0,0,8,2025-04-21,
TXN001619,CUST3575,PROJ-1007,C-1101,768000,768000,0,0,0,29,2024-08-05,2024-09-03
TXN000888,CUST9378,PROJ-1001,C-1907,1433000,0,1433000,0,0,12,2024-12-26,
TXN000818,CUST8303,PROJ-1004,A-0309,1719000,894000,825000,0,0,0,2024-06-06,2024-06-06
TXN000130,CUST4637,PROJ-1002,D-2906,518000,0,504000,14000,0,7,2025-01-18,
TXN001440,CUST9411,PROJ-1008,B-3003,307000,226000,81000,0,0,7,2025-08-26,2025-09-02
TXN001800,CUST6680,PROJ-1006,A-0407,1058000,1058000,0,0,0,16,2024-05-17,2024-06-02
TXN000547,CUST9433,PROJ-1001,C-2901,501000,501000,0,0,0,10,2024-06-28,2024-07-08
TXN000723,CUST2527,PROJ-1005,B-0411,1373000,1324000,0,49000,0,23,2024-03-12,2024-04-04
TXN000004,CUST5333,PROJ-1006,A-2408,1262000,1262000,0,0,0,9,2025-10-05,2025-10-14
TXN000291,CUST7078,PROJ-1003,D-1203,547000,547000,0,0,0,8,2024-10-02,2024-10-10
TXN001064,CUST9229,PROJ-1006,E-1807,1024000,481000,543000,0,0,5,2024-06-30,2024-07-05
TXN001558,CUST4748,PROJ-1005,D-1104,863000,448000,415000,0,0,8,2025-04-17,2025-04-25
TXN000380,CUST7971,PROJ-1002,B-0908,688000,688000,0,0,0,0,2024-07-12,2024-07-12
TXN002284,CUST9909,PROJ-1003,A-1408,859000,0,859000,0,0,2,2024-05-23,
TXN002479,CUST5325,PROJ-1008,C-0401,1369000,1369000,0,0,0,-15,2024-11-06,2024-10-22
TXN001458,CUST7412,PROJ-1005,B-2804,2201000,2201000,0,0,0,11,2024-03-22,2024-04-02
TXN002172,CUST6886,PROJ-1005,B-1710,1900000,1885000,0,15000,0,3,2025-04-15,2025-04-18
TXN002009,CUST3379,PROJ-1004,D-1302,476000,476000,0,0,0,2,2024-12-17,2024-12-19
TXN001467,CUST1985,PROJ-1008,E-2403,507000,262000,245000,0,0,5,2024-12-22,2024-12-27
TXN000330,CUST6542,PROJ-1004,E-1712,1200000,1200000,0,0,0,11,2025-11-10,2025-11-21
TXN000322,CUST5631,PROJ-1002,A-2602,708000,555000,153000,0,0,12,2025-01-01,2025-01-13
TXN001401,CUST6162,PROJ-1005,A-1312,748000,354000,394000,0,0,12,2025-04-22,2025-05-04
TXN001939,CUST1518,PROJ-1007,D-2812,863000,0,863000,0,0,13,2024-10-11,
TXN000619,CUST5754,PROJ-1001,C-0810,760000,760000,0,0,0,6,2024-01-11,2024-01-17
TXN002435,CUST9798,PROJ-1007,D-2208,476000,476000,0,0,0,13,2024-05-24,2024-06-06
TXN001606,CUST7505,PROJ-1006,B-0710,610000,610000,0,0,0,1,2024-11-28,2024-11-29
TXN001709,CUST4531,PROJ-1002,B-2901,623000,623000,0,0,0,13,2024-03-10,2024-03-23
TXN001045,CUST3941,PROJ-1007,B-1311,1223000,319000,904000,0,0,15,2025-02-18,2025-03-05
TXN000504,CUST9574,PROJ-1002,E-0304,1161000,1161000,0,0,0,7,2025-10-10,2025-10-17
TXN002571,CUST7303,PROJ-1003,D-1204,1252000,411000,793000,48000,0,235,2025-04-10,2025-12-01
TXN001757,CUST3730,PROJ-1001,E-2607,471000,103000,368000,0,0,2,2025-02-12,2025-02-14
TXN002488,CUST1451,PROJ-1007,D-1905,602000,348000,0,254000,0,6,2024-12-15,2024-12-21
TXN000073,CUST7770,PROJ-1008,A-0709,1453000,468000,985000,0,0,1,2025-07-16,2025-07-17
TXN000540,CUST4602,PROJ-1006,C-2003,1356000,1356000,0,0,0,18,2025-02-25,2025-03-15
TXN001162,CUST4164,PROJ-1008,E-0510,1783000,1195000,588000,0,0,11,2024-04-29,2024-05-10
TXN000806,CUST3651,PROJ-1008,B-1212,506000,506000,0,0,0,4,2024-07-13,2024-07-17
TXN000449,CUST4288,PROJ-1005,E-0901,1187000,710000,477000,0,0,5,2025-11-06,2025-11-11
TXN002183,CUST4944,PROJ-1006,E-0607,1133000,496000,637000,0,0,15,2024-05-09,2024-05-24
TXN000622,CUST7076,PROJ-1007,B-2909,394000,0,394000,0,0,4,2025-04-24,
TXN002104,CUST8999,PROJ-1007,C-2012,349000,349000,0,0,0,10,2024-06-02,2024-06-12
TXN002146,CUST3554,PROJ-1005,A-0706,678000,678000,0,0,0,1,2025-11-18,2025-11-19
TXN001376,CUST1575,PROJ-1006,E-0611,614000,607000,0,7000,0,3,2025-03-21,2025-03-24
TXN002548,CUST5701,PROJ-1004,A-1207,974000,1185000,-211000,0,0,1,2025-01-03,2025-01-04
TXN001366,CUST4069,PROJ-1004,A-2405,763000,763000,0,0,0,11,2025-02-15,2025-02-26
TXN001859,CUST2423,PROJ-1003,C-2611,1384000,1384000,0,0,0,3,2024-12-31,2025-01-03
TXN002125,CUST6842,PROJ-1001,B-1408,1155000,1155000,0,0,0,7,2025-08-09,2025-08-16
TXN001173,CUST7479,PROJ-1001,A-2308,834000,198000,628000,8000,0,4,2025-07-03,2025-07-07
TXN002529,CUST8087,PROJ-1006,B-1103,300000,300000,0,0,0,170,2024-10-23,2025-04-11
TXN001294,CUST5563,PROJ-1007,B-0807,975000,975000,0,0,0,8,2024-02-23,2024-03-02
TXN000691,CUST6292,PROJ-1001,D-2807,928000,928000,0,0,0,20,2024-02-14,2024-03-05
TXN000225,CUST6225,PROJ-1008,A-1001,312000,93000,219000,0,0,7,2024-09-06,2024-09-13
TXN000842,CUST2208,PROJ-1002,D-2710,632000,625000,0,7000,0,2,2025-03-02,2025-03-04
TXN002096,CUST7369,PROJ-1005,B-2402,1579000,1579000,0,0,0,24,2024-03-25,2024-04-18
TXN000712,CUST4394,PROJ-1001,B-2904,746000,405000,341000,0,0,3,2025-01-18,2025-01-21
TXN002289,CUST6055,PROJ-1001,E-1202,1482000,1465000,0,17000,0,5,2024-10-31,2024-11-05
TXN002325,CUST1775,PROJ-1003,A-2504,562000,330000,204000,28000,0,5,2024-04-27,2024-05-02
TXN001613,CUST4542,PROJ-1005,C-2512,407000,407000,0,0,0,1,2024-12-22,2024-12-23
TXN002410,CUST4823,PROJ-1006,C-1503,1502000,0,1502000,0,0,15,2025-02-22,
TXN002568,CUST1387,PROJ-1005,B-3002,1101000,441000,660000,-288000,0,6,2025-08-29,2025-09-04
TXN001657,CUST4702,PROJ-1008,A-3011,316000,316000,0,0,0,15,2025-06-27,2025-07-12
TXN001518,CUST6188,PROJ-1002,B-0205,2277000,2277000,0,0,0,15,2025-09-04,2025-09-19
TXN001497,CUST9669,PROJ-1006,D-3004,824000,799000,0,25000,0,0,2025-07-03,2025-07-03
TXN000685,CUST9825,PROJ-1002,A-2911,1205000,1146000,0,59000,0,2,2025-01-31,2025-02-02
TXN001061,CUST3731,PROJ-1003,E-1210,936000,936000,0,0,27000,30,2025-05-17,2025-06-16
TXN001930,CUST3662,PROJ-1003,B-3005,451000,451000,0,0,0,9,2024-01-14,2024-01-23
TXN000227,CUST8037,PROJ-1008,D-0112,816000,446000,370000,0,0,2,2025-07-03,2025-07-05
TXN000189,CUST9843,PROJ-1004,B-2501,1128000,0,1128000,0,0,10,2025-08-12,
TXN001225,CUST1472,PROJ-1001,D-0306,1313000,700000,613000,0,0,6,2025-08-31,2025-09-06
TXN000478,CUST3877,PROJ-1001,B-1106,998000,998000,0,0,0,6,2025-10-04,2025-10-10
TXN000843,CUST8696,PROJ-1003,B-2409,1293000,798000,495000,0,0,1,2024-10-20,2024-10-21
TXN002241,CUST4933,PROJ-1005,B-0104,559000,559000,0,0,0,2,2025-01-08,2025-01-10
TXN001089,CUST6033,PROJ-1004,E-1006,1990000,1953000,0,37000,0,4,2024-06-07,2024-06-11
TXN001244,CUST1721,PROJ-1001,A-2505,1554000,1554000,0,0,0,27,2024-10-05,2024-11-01
TXN001156,CUST2957,PROJ-1008,C-0302,1102000,473000,629000,0,0,2,2025-04-30,2025-05-02
TXN001485,CUST5748,PROJ-1007,B-0110,1074000,0,1074000,0,0,19,2025-05-25,
TXN002300,CUST5875,PROJ-1006,A-1812,852000,852000,0,0,0,21,2024-03-18,2024-04-08
TXN002281,CUST4001,PROJ-1007,C-0412,575000,575000,0,0,0,5,2025-11-24,2025-11-29
TXN000063,CUST8690,PROJ-1005,D-1506,654000,654000,0,0,0,5,2024-03-07,2024-03-12
TXN001199,CUST6454,PROJ-1002,E-0203,1022000,0,1022000,0,15000,12,2025-01-24,
TXN002442,CUST2926,PROJ-1005,B-1403,824000,0,824000,0,0,14,2024-11-05,
TXN002331,CUST4821,PROJ-1007,E-2005,1071000,1056000,0,15000,0,1,2024-08-27,2024-08-28
TXN001476,CUST9902,PROJ-1003,A-2403,666000,371000,273000,22000,0,1,2025-10-01,2025-10-02
TXN002599,CUST6791,PROJ-1006,C-0311,310000,310000,0,0,0,227,2024-04-27,2024-12-10
TXN002326,CUST7907,PROJ-1004,A-2604,547000,547000,0,0,0,13,2024-02-07,2024-02-20
TXN000135,CUST9576,PROJ-1002,C-0309,2064000,2064000,0,0,0,0,2025-04-26,2025-04-26
TXN001250,CUST7493,PROJ-1004,A-2707,563000,563000,0,0,0,25,2024-09-17,2024-10-12
TXN002059,CUST5851,PROJ-1008,A-0504,1155000,1155000,0,0,0,14,2025-06-08,2025-06-22
TXN000195,CUST4422,PROJ-1008,C-1001,799000,0,799000,0,0,7,2025-05-05,
TXN000883,CUST9953,PROJ-1008,A-0609,1772000,1715000,0,57000,0,3,2024-06-05,2024-06-08
TXN001499,CUST9598,PROJ-1007,B-3006,471000,471000,0,0,0,0,2024-05-11,2024-05-11
TXN000436,CUST6898,PROJ-1005,D-1507,318000,318000,0,0,0,0,2024-11-05,2024-11-05
TXN001096,CUST8730,PROJ-1002,B-2912,470000,340000,130000,0,0,4,2025-08-26,2025-08-30
TXN002333,CUST6011,PROJ-1007,C-2910,1975000,1940000,0,35000,0,9,2025-09-17,2025-09-26
TXN002109,CUST1040,PROJ-1006,B-2406,867000,580000,287000,0,0,14,2024-10-04,2024-10-18
TXN000549,CUST6250,PROJ-1004,C-2905,2427000,2427000,0,0,0,7,2025-04-08,2025-04-15
TXN001871,CUST9388,PROJ-1001,A-2510,1375000,726000,587000,62000,0,3,2025-01-28,2025-01-31
TXN000026,CUST2200,PROJ-1002,E-0709,939000,396000,543000,0,0,6,2024-06-10,2024-06-16
TXN001726,CUST9140,PROJ-1008,C-2012,1017000,1017000,0,0,0,13,2025-09-04,2025-09-17
TXN001012,CUST6423,PROJ-1008,A-0210,1123000,1100000,0,23000,0,0,2025-10-05,2025-10-05
TXN002203,CUST9746,PROJ-1007,C-2802,657000,477000,180000,0,0,7,2025-12-29,2026-01-05
TXN002486,CUST2142,PROJ-1008,A-0208,975000,946000,0,29000,0,-21,2024-02-03,2024-01-13
TXN001144,CUST7520,PROJ-1003,E-2302,698000,676000,0,22000,0,2,2024-09-26,2024-09-28
TXN001980,CUST8939,PROJ-1005,B-0512,435000,435000,0,0,0,8,2025-02-24,2025-03-04
TXN000165,CUST4728,PROJ-1005,A-1908,1150000,332000,818000,0,0,3,2025-11-28,2025-12-01
TXN000133,CUST2821,PROJ-1007,C-0805,325000,77000,248000,0,0,9,2025-05-26,2025-06-04
TXN001522,CUST8308,PROJ-1002,A-0312,973000,0,973000,0,0,0,2024-05-22,
TXN000873,CUST7765,PROJ-1008,D-0106,1132000,1132000,0,0,0,11,2025-02-28,2025-03-11
TXN000676,CUST5882,PROJ-1001,D-0406,1033000,0,1033000,0,0,1,2024-05-03,
TXN001184,CUST7030,PROJ-1003,A-1405,645000,645000,0,0,0,29,2024-08-20,2024-09-18
TXN000257,CUST9185,PROJ-1001,E-0606,868000,234000,634000,0,0,0,2025-06-05,2025-06-05
TXN001940,CUST8755,PROJ-1002,C-2806,568000,325000,243000,0,4000,2,2025-08-01,2025-08-03
TXN001822,CUST9856,PROJ-1004,D-1901,1991000,1991000,0,0,0,1,2024-07-09,2024-07-10
TXN000836,CUST2251,PROJ-1005,A-2803,936000,0,913000,23000,0,3,2024-03-09,
TXN000231,CUST3733,PROJ-1003,D-1003,930000,717000,213000,0,0,1,2025-05-11,2025-05-12
TXN001795,CUST6036,PROJ-1008,B-2106,927000,927000,0,0,0,7,2025-12-07,2025-12-14
TXN001355,CUST7627,PROJ-1003,E-1410,1082000,1082000,0,0,0,3,2025-03-06,2025-03-09
TXN000094,CUST7797,PROJ-1003,A-2708,1856000,613000,1243000,0,0,26,2025-03-31,2025-04-26
TXN002417,CUST9240,PROJ-1003,E-1605,2486000,0,2486000,0,0,20,2024-03-06,
TXN002406,CUST7972,PROJ-1006,E-2004,408000,408000,0,0,0,20,2024-05-11,2024-05-31
TXN001776,CUST4267,PROJ-1008,C-1010,638000,638000,0,0,0,2,2024-08-15,2024-08-17
TXN000304,CUST2480,PROJ-1005,C-0107,385000,385000,0,0,0,10,2024-08-14,2024-08-24
TXN000345,CUST5835,PROJ-1001,B-2509,488000,314000,174000,0,0,13,2024-08-17,2024-08-30
TXN000950,CUST3257,PROJ-1007,A-1502,1771000,0,1771000,0,0,7,2024-08-31,
TXN001710,CUST8008,PROJ-1002,D-1201,1397000,1397000,0,0,0,13,2024-12-21,2025-01-03
TXN000284,CUST6500,PROJ-1002,D-0105,862000,545000,317000,0,0,5,2024-02-19,2024-02-24
TXN001214,CUST6526,PROJ-1005,B-0108,666000,666000,0,0,0,2,2024-08-21,2024-08-23
TXN001390,CUST7054,PROJ-1006,A-1205,994000,994000,0,0,0,0,2025-04-26,2025-04-26
TXN001714,CUST1958,PROJ-1006,D-2712,1372000,1372000,0,0,0,16,2024-04-14,2024-04-30
TXN002585,CUST7780,PROJ-1002,D-1405,428000,263000,148000,17000,0,177,2025-11-05,2026-05-01
TXN002393,CUST6125,PROJ-1005,C-1507,749000,0,749000,0,0,3,2024-11-06,
TXN000246,CUST3246,PROJ-1005,D-2503,672000,672000,0,0,14000,10,2024-08-06,2024-08-16
TXN001502,CUST6028,PROJ-1007,B-0701,1787000,1718000,0,69000,0,24,2025-05-08,2025-06-01
TXN000965,CUST2875,PROJ-1004,A-0611,1923000,455000,1468000,0,0,28,2024-09-22,2024-10-20
TXN000735,CUST3915,PROJ-1006,B-2301,1453000,746000,707000,0,0,12,2025-11-09,2025-11-21
TXN000147,CUST6692,PROJ-1006,A-1809,1735000,1076000,659000,0,0,15,2024-06-27,2024-07-12
TXN000521,CUST9849,PROJ-1002,B-0107,627000,627000,0,0,0,4,2025-11-29,2025-12-03
TXN001543,CUST7463,PROJ-1003,D-0909,1146000,0,1146000,0,0,18,2025-12-16,
TXN002028,CUST2309,PROJ-1002,E-2110,1834000,1834000,0,0,0,8,2025-02-18,2025-02-26
TXN002133,CUST7803,PROJ-1002,A-1204,1175000,1122000,0,53000,0,1,2025-04-17,2025-04-18
TXN002221,CUST2395,PROJ-1002,E-1908,960000,960000,0,0,0,2,2025-11-10,2025-11-12
TXN001965,CUST6631,PROJ-1002,E-1901,499000,376000,123000,0,0,2,2025-11-04,2025-11-06
TXN001301,CUST1596,PROJ-1003,B-0310,1683000,1683000,0,0,0,4,2025-01-19,2025-01-23
TXN000649,CUST4714,PROJ-1002,A-1804,770000,510000,260000,0,0,3,2025-07-24,2025-07-27
TXN001689,CUST6694,PROJ-1007,D-2301,1700000,1700000,0,0,19000,6,2024-08-13,2024-08-19
TXN001527,CUST8214,PROJ-1004,E-1208,583000,559000,0,24000,0,4,2025-04-30,2025-05-04
TXN000414,CUST7199,PROJ-1007,B-0902,1156000,0,1156000,0,0,8,2025-12-11,
TXN002228,CUST1072,PROJ-1004,E-1504,581000,581000,0,0,0,10,2024-01-09,2024-01-19
TXN000481,CUST6050,PROJ-1002,C-2301,1234000,450000,729000,55000,0,4,2025-06-21,2025-06-25
TXN000215,CUST8933,PROJ-1005,A-1205,1120000,1120000,0,0,0,0,2024-11-07,2024-11-07
TXN002247,CUST1058,PROJ-1002,C-2809,391000,391000,0,0,0,26,2025-12-16,2026-01-11
TXN001240,CUST3613,PROJ-1007,A-0206,800000,800000,0,0,0,6,2024-10-13,2024-10-19
TXN000169,CUST5735,PROJ-1005,B-2312,832000,0,832000,0,0,9,2024-10-07,
TXN000054,CUST9728,PROJ-1006,D-2206,565000,565000,0,0,9000,27,2025-03-19,2025-04-15
TXN000872,CUST5749,PROJ-1001,D-0704,1078000,1078000,0,0,0,5,2024-05-07,2024-05-12
TXN001459,CUST4057,PROJ-1006,E-2506,687000,687000,0,0,0,2,2025-08-12,2025-08-14
TXN001287,CUST2343,PROJ-1002,D-2308,658000,658000,0,0,0,0,2025-01-24,2025-01-24
TXN000152,CUST5105,PROJ-1002,B-2109,931000,931000,0,0,0,2,2025-10-18,2025-10-20
TXN000645,CUST8345,PROJ-1006,D-0103,1561000,1561000,0,0,0,9,2024-08-12,2024-08-21
TXN000624,CUST5635,PROJ-1007,C-2005,1656000,819000,837000,0,0,8,2024-06-03,2024-06-11
TXN000960,CUST9761,PROJ-1005,D-1410,2088000,2088000,0,0,0,1,2024-08-31,2024-09-01
TXN001210,CUST5299,PROJ-1002,C-1506,888000,888000,0,0,0,3,2024-07-13,2024-07-16
TXN000458,CUST4804,PROJ-1004,B-2201,883000,883000,0,0,0,6,2025-09-11,2025-09-17
TXN000565,CUST4264,PROJ-1003,B-2707,1381000,1381000,0,0,0,4,2025-08-22,2025-08-26
TXN000621,CUST8715,PROJ-1004,C-2011,2488000,2488000,0,0,0,5,2025-09-26,2025-10-01
TXN000342,CUST4560,PROJ-1006,B-0710,1520000,0,1520000,0,0,5,2025-10-27,
TXN001592,CUST5507,PROJ-1007,A-1503,743000,0,743000,0,0,5,2025-05-30,
TXN000103,CUST3500,PROJ-1006,D-0302,349000,349000,0,0,0,8,2024-05-13,2024-05-21
TXN001829,CUST3797,PROJ-1002,D-1807,1568000,1568000,0,0,0,8,2025-05-05,2025-05-13
TXN000261,CUST7044,PROJ-1001,B-1010,1576000,1576000,0,0,0,30,2025-05-20,2025-06-19
TXN000976,CUST8068,PROJ-1001,A-2303,369000,369000,0,0,0,5,2025-03-08,2025-03-13
TXN001541,CUST2070,PROJ-1008,E-0512,1423000,751000,672000,0,0,19,2024-01-03,2024-01-22
TXN001259,CUST1462,PROJ-1003,E-1502,1380000,1380000,0,0,0,10,2025-07-02,2025-07-12
TXN001880,CUST7359,PROJ-1006,C-1312,842000,286000,556000,0,0,1,2025-07-17,2025-07-18
TXN001466,CUST2787,PROJ-1003,C-2502,486000,0,475000,11000,0,18,2025-12-13,
TXN000359,CUST1182,PROJ-1006,E-2809,729000,707000,0,22000,0,4,2024-03-28,2024-04-01
TXN002567,CUST4309,PROJ-1004,A-1509,358000,358000,110000,0,0,14,2025-12-21,2026-01-04
TXN001275,CUST9728,PROJ-1006,E-2011,432000,240000,192000,0,0,4,2024-08-21,2024-08-25
TXN001373,CUST8411,PROJ-1006,E-2303,351000,111000,240000,0,0,3,2024-06-09,2024-06-12
TXN001733,CUST7102,PROJ-1002,E-0507,1875000,1875000,0,0,0,1,2024-01-09,2024-01-10
TXN001804,CUST3217,PROJ-1001,D-0701,950000,950000,0,0,0,19,2025-06-05,2025-06-24
TXN002181,CUST1331,PROJ-1005,B-2007,693000,693000,0,0,0,2,2025-03-29,2025-03-31
TXN000988,CUST2453,PROJ-1004,E-2812,603000,603000,0,0,0,2,2025-12-28,2025-12-30
TXN001501,CUST1279,PROJ-1008,A-0808,374000,374000,0,0,0,7,2024-11-30,2024-12-07
TXN002257,CUST2402,PROJ-1007,D-2706,796000,500000,296000,0,0,0,2025-09-15,2025-09-15
TXN000769,CUST2728,PROJ-1002,D-2301,942000,942000,0,0,0,11,2024-09-20,2024-10-01
TXN000599,CUST4278,PROJ-1006,D-1305,2081000,2081000,0,0,0,10,2024-01-20,2024-01-30
TXN001874,CUST5208,PROJ-1003,C-0703,1014000,441000,573000,0,0,14,2024-02-08,2024-02-22
TXN000202,CUST8993,PROJ-1008,A-0109,1863000,0,1809000,54000,0,16,2024-01-18,
TXN002294,CUST7386,PROJ-1003,C-2602,724000,206000,518000,0,0,1,2025-09-21,2025-09-22
TXN000830,CUST5385,PROJ-1002,B-2110,305000,123000,182000,0,0,1,2025-12-25,2025-12-26
TXN001886,CUST8875,PROJ-1005,E-2104,1197000,1197000,0,0,0,29,2024-11-10,2024-12-09
TXN001702,CUST5277,PROJ-1002,C-1805,872000,872000,0,0,0,3,2024-03-15,2024-03-18
TXN001185,CUST6782,PROJ-1003,B-1307,983000,983000,0,0,0,4,2025-01-07,2025-01-11
TXN002408,CUST2304,PROJ-1008,E-2001,1134000,794000,318000,22000,0,9,2025-06-17,2025-06-26
TXN000100,CUST1510,PROJ-1008,A-1607,1219000,462000,712000,45000,0,0,2024-05-31,2024-05-31
TXN000882,CUST8387,PROJ-1006,B-0605,394000,107000,287000,0,0,30,2024-12-17,2025-01-16
TXN001164,CUST9517,PROJ-1002,A-2211,1756000,1756000,0,0,0,13,2025-02-07,2025-02-20
TXN001569,CUST3409,PROJ-1002,E-1509,2386000,2386000,0,0,0,8,2025-09-29,2025-10-07
TXN002245,CUST1934,PROJ-1004,B-0806,1386000,1386000,0,0,0,15,2024-07-24,2024-08-08
TXN001446,CUST2718,PROJ-1008,C-1310,676000,676000,0,0,0,2,2025-08-07,2025-08-09
TXN000993,CUST5286,PROJ-1006,C-1407,946000,946000,0,0,0,4,2024-08-12,2024-08-16
TXN001674,CUST3926,PROJ-1003,C-1301,692000,0,692000,0,0,11,2024-08-04,
TXN001069,CUST4391,PROJ-1001,E-1508,1065000,0,1065000,0,0,20,2025-05-27,
TXN000112,CUST8147,PROJ-1001,A-1502,1404000,525000,879000,0,0,0,2025-02-18,2025-02-18
TXN000048,CUST3704,PROJ-1007,D-3003,2120000,2072000,0,48000,0,6,2025-10-20,2025-10-26
TXN002464,CUST9175,PROJ-1002,B-0205,2098000,2098000,0,0,0,1,2024-11-02,2024-11-03
TXN001450,CUST5645,PROJ-1002,C-1511,2064000,0,2064000,0,0,20,2025-12-12,
TXN001308,CUST8987,PROJ-1008,D-2509,587000,587000,0,0,0,25,2024-06-06,2024-07-01
TXN002223,CUST6697,PROJ-1002,D-1108,1172000,1172000,0,0,0,8,2024-09-10,2024-09-18
TXN000523,CUST4129,PROJ-1007,C-2307,488000,488000,0,0,0,2,2024-07-13,2024-07-15
TXN002099,CUST4332,PROJ-1005,D-2608,827000,592000,235000,0,0,5,2025-07-02,2025-07-07
TXN000831,CUST8871,PROJ-1003,E-2908,922000,922000,0,0,0,3,2025-12-09,2025-12-12
TXN000394,CUST4580,PROJ-1006,E-0903,1123000,1123000,0,0,0,2,2024-09-28,2024-09-30
TXN000520,CUST3483,PROJ-1005,C-2907,1008000,1008000,0,0,0,5,2025-03-22,2025-03-27
TXN002531,CUST9276,PROJ-1001,A-2410,357000,340000,0,17000,161000,17,2024-04-08,2024-04-25
TXN000600,CUST9178,PROJ-1003,B-2212,781000,781000,0,0,0,25,2025-03-20,2025-04-14
TXN002373,CUST8042,PROJ-1007,A-2111,319000,77000,242000,0,10000,15,2024-09-08,2024-09-23
TXN000998,CUST3571,PROJ-1001,C-1001,859000,826000,0,33000,0,1,2025-02-14,2025-02-15
TXN001041,CUST4977,PROJ-1008,A-1303,1600000,1600000,0,0,0,15,2024-10-16,2024-10-31
TXN000582,CUST5761,PROJ-1007,D-0702,1212000,531000,681000,0,26000,11,2025-06-19,2025-06-30
TXN000070,CUST4750,PROJ-1002,E-1901,1404000,1011000,338000,55000,0,30,2024-07-04,2024-08-03
TXN002212,CUST9171,PROJ-1007,A-2304,509000,509000,0,0,0,21,2024-10-19,2024-11-09
TXN001971,CUST8737,PROJ-1003,D-1303,592000,585000,0,7000,12000,13,2025-10-12,2025-10-25
TXN000838,CUST6463,PROJ-1007,B-2611,1002000,1002000,0,0,0,7,2025-06-29,2025-07-06
TXN001566,CUST9432,PROJ-1002,A-2307,997000,997000,0,0,0,5,2025-03-11,2025-03-16
TXN001896,CUST3953,PROJ-1004,A-2303,754000,754000,0,0,0,16,2025-04-20,2025-05-06
TXN002253,CUST7917,PROJ-1003,E-0808,1269000,333000,936000,0,0,6,2025-05-12,2025-05-18
TXN000957,CUST1978,PROJ-1002,C-2810,1019000,996000,0,23000,0,2,2025-01-23,2025-01-25
TXN002351,CUST5488,PROJ-1006,B-1809,723000,409000,314000,0,0,11,2025-02-15,2025-02-26
TXN001763,CUST8077,PROJ-1005,D-1901,2006000,1040000,966000,0,0,6,2024-06-14,2024-06-20
TXN000681,CUST7228,PROJ-1005,C-2711,1135000,1135000,0,0,0,4,2024-03-12,2024-03-16
TXN002121,CUST4017,PROJ-1003,B-0206,647000,368000,279000,0,0,17,2024-02-17,2024-03-05
TXN001664,CUST4714,PROJ-1005,E-2302,1017000,1017000,0,0,0,23,2024-06-17,2024-07-10
TXN001105,CUST4094,PROJ-1003,B-0705,706000,358000,325000,23000,0,4,2024-03-11,2024-03-15
TXN001130,CUST2155,PROJ-1006,B-0903,629000,203000,426000,0,0,11,2024-05-25,2024-06-05
TXN002066,CUST3299,PROJ-1001,D-0103,1526000,346000,1180000,0,0,28,2024-08-26,2024-09-23
TXN001995,CUST2411,PROJ-1007,E-2511,647000,354000,280000,13000,0,9,2024-03-13,2024-03-22
TXN002317,CUST5590,PROJ-1004,A-0205,498000,498000,0,0,0,7,2024-03-24,2024-03-31
TXN001999,CUST2471,PROJ-1006,D-2304,1164000,1164000,0,0,0,28,2024-07-16,2024-08-13
TXN001530,CUST1819,PROJ-1008,C-0210,1040000,701000,339000,0,0,1,2025-03-09,2025-03-10
TXN000898,CUST2815,PROJ-1001,A-1002,1145000,1145000,0,0,0,2,2025-12-16,2025-12-18
TXN001661,CUST7663,PROJ-1006,B-0708,358000,270000,88000,0,0,12,2025-10-06,2025-10-18
TXN000445,CUST6984,PROJ-1007,C-0706,1423000,1423000,0,0,0,9,2024-12-24,2025-01-02
TXN001648,CUST9710,PROJ-1006,B-0804,1795000,618000,1177000,0,0,12,2024-03-21,2024-04-02
TXN001994,CUST7630,PROJ-1006,A-0101,1014000,1014000,0,0,0,0,2024-12-24,2024-12-24
TXN001341,CUST2364,PROJ-1005,C-2602,985000,0,985000,0,0,19,2024-01-19,
TXN000205,CUST2531,PROJ-1001,D-1307,1998000,1987000,0,11000,0,10,2025-03-20,2025-03-30
TXN000638,CUST4458,PROJ-1003,B-0312,1544000,1544000,0,0,0,5,2024-01-06,2024-01-11
TXN000219,CUST8183,PROJ-1004,C-2712,515000,515000,0,0,0,11,2024-09-15,2024-09-26
TXN001588,CUST4029,PROJ-1007,A-0409,1303000,1303000,0,0,0,6,2024-05-21,2024-05-27
TXN001011,CUST1160,PROJ-1008,C-1403,1093000,1039000,0,54000,0,1,2025-12-11,2025-12-12
TXN001959,CUST9036,PROJ-1003,A-1803,1237000,1237000,0,0,0,6,2024-08-26,2024-09-01
TXN000603,CUST6087,PROJ-1004,D-1609,943000,943000,0,0,0,0,2024-05-19,2024-05-19
TXN002293,CUST8924,PROJ-1008,A-2211,468000,0,463000,5000,0,19,2025-04-23,
TXN002292,CUST5075,PROJ-1005,D-2910,1036000,1036000,0,0,0,18,2025-10-30,2025-11-17
TXN001575,CUST8110,PROJ-1008,D-0401,566000,425000,141000,0,0,6,2025-11-23,2025-11-29
TXN000474,CUST8924,PROJ-1002,E-3012,1248000,1248000,0,0,0,5,2025-09-30,2025-10-05
TXN001739,CUST3513,PROJ-1008,D-1910,2285000,2285000,0,0,0,7,2024-06-13,2024-06-20
TXN002067,CUST9690,PROJ-1006,E-2503,1346000,1346000,0,0,0,17,2024-07-14,2024-07-31
TXN001706,CUST2469,PROJ-1003,D-1505,544000,544000,0,0,0,0,2024-11-22,2024-11-22
TXN002314,CUST4394,PROJ-1007,D-0908,431000,0,431000,0,0,18,2025-01-31,
TXN000440,CUST1612,PROJ-1005,E-1302,475000,475000,0,0,0,19,2024-05-03,2024-05-22
TXN000140,CUST7553,PROJ-1007,D-2907,996000,0,996000,0,0,8,2025-06-15,
TXN001298,CUST4963,PROJ-1003,E-2706,1586000,996000,590000,0,0,10,2024-06-14,2024-06-24
TXN002048,CUST3571,PROJ-1002,E-1912,2365000,2261000,0,104000,0,25,2025-07-29,2025-08-23
TXN000699,CUST7897,PROJ-1006,D-2410,695000,695000,0,0,0,8,2024-11-15,2024-11-23
TXN002250,CUST9518,PROJ-1007,A-1210,1618000,1618000,0,0,0,17,2025-04-13,2025-04-30
TXN000019,CUST1993,PROJ-1002,D-2406,430000,430000,0,0,0,4,2024-07-06,2024-07-10
TXN002594,CUST1194,PROJ-1008,B-2309,656000,471000,185000,0,207000,1,2024-04-16,2024-04-17
TXN000647,CUST2412,PROJ-1005,D-0503,764000,764000,0,0,0,4,2025-05-20,2025-05-24
TXN000900,CUST5596,PROJ-1008,C-2512,737000,708000,0,29000,0,11,2024-09-05,2024-09-16
TXN001997,CUST5438,PROJ-1001,D-1401,1286000,1286000,0,0,0,4,2024-08-18,2024-08-22
TXN002363,CUST3403,PROJ-1007,A-0712,726000,726000,0,0,0,3,2025-09-01,2025-09-04
TXN001451,CUST2501,PROJ-1008,C-3003,1170000,1170000,0,0,0,2,2025-11-03,2025-11-05
TXN001652,CUST2041,PROJ-1007,D-0705,683000,671000,0,12000,15000,24,2024-12-06,2024-12-30
TXN001180,CUST3783,PROJ-1001,C-1201,709000,709000,0,0,4000,14,2025-01-31,2025-02-14
TXN000832,CUST1347,PROJ-1002,A-0409,908000,908000,0,0,0,0,2024-08-17,2024-08-17
TXN000828,CUST5621,PROJ-1003,A-1003,1013000,1013000,0,0,0,3,2025-03-12,2025-03-15
TXN001636,CUST1770,PROJ-1006,D-0907,603000,603000,0,0,0,3,2025-09-01,2025-09-04
TXN000835,CUST3971,PROJ-1006,D-0511,1455000,1455000,0,0,0,11,2025-05-26,2025-06-06
TXN001555,CUST9739,PROJ-1005,E-2107,303000,303000,0,0,0,9,2025-04-30,2025-05-09
TXN001460,CUST4641,PROJ-1004,C-1710,907000,907000,0,0,0,12,2025-07-27,2025-08-08
TXN000395,CUST5091,PROJ-1004,E-1203,363000,206000,157000,0,0,27,2025-07-08,2025-08-04
TXN002188,CUST3336,PROJ-1008,B-0105,1562000,390000,1172000,0,0,10,2025-01-29,2025-02-08
TXN001323,CUST3578,PROJ-1005,E-0408,1469000,880000,589000,0,0,6,2025-12-12,2025-12-18
TXN000001,CUST1409,PROJ-1002,C-0804,707000,707000,0,0,0,0,2025-03-08,2025-03-08
TXN000911,CUST6769,PROJ-1001,D-1901,760000,760000,0,0,0,30,2025-11-27,2025-12-27
TXN000804,CUST7587,PROJ-1003,C-0102,1016000,454000,562000,0,0,0,2025-05-14,2025-05-14
TXN000272,CUST3752,PROJ-1001,E-1412,1020000,984000,0,36000,0,3,2024-07-10,2024-07-13
TXN001009,CUST5441,PROJ-1005,E-1110,1391000,1391000,0,0,0,15,2024-07-28,2024-08-12
TXN001232,CUST3255,PROJ-1003,E-1106,1293000,1293000,0,0,0,7,2024-10-23,2024-10-30
TXN000309,CUST3292,PROJ-1006,A-2108,1072000,589000,483000,0,0,15,2025-08-08,2025-08-23
TXN000033,CUST3608,PROJ-1005,A-1301,733000,733000,0,0,0,3,2024-08-21,2024-08-24
TXN001708,CUST3612,PROJ-1006,B-0703,1322000,1322000,0,0,0,4,2024-05-17,2024-05-21
TXN002206,CUST6650,PROJ-1005,D-2410,1400000,525000,875000,0,0,0,2025-11-02,2025-11-02
TXN000312,CUST8598,PROJ-1005,A-1601,2217000,1109000,1108000,0,0,5,2025-11-28,2025-12-03
TXN000784,CUST2040,PROJ-1006,E-0607,506000,250000,256000,0,0,16,2025-06-15,2025-07-01
TXN000317,CUST3112,PROJ-1005,A-1309,1642000,1573000,0,69000,0,9,2025-06-16,2025-06-25
TXN000756,CUST9495,PROJ-1002,B-2907,1048000,0,1048000,0,0,12,2025-11-05,
TXN001049,CUST8125,PROJ-1008,A-1505,364000,364000,0,0,0,11,2025-09-05,2025-09-16
TXN001848,CUST5699,PROJ-1001,D-0401,544000,544000,0,0,0,0,2025-02-22,2025-02-22
TXN000816,CUST1223,PROJ-1002,E-2503,1178000,609000,569000,0,0,3,2025-01-15,2025-01-18
TXN000398,CUST6171,PROJ-1008,A-0111,998000,998000,0,0,0,2,2024-09-22,2024-09-24
TXN001198,CUST1852,PROJ-1003,B-2305,1271000,1271000,0,0,0,6,2025-11-03,2025-11-09
TXN000812,CUST4758,PROJ-1003,A-0507,444000,444000,0,0,0,2,2025-09-23,2025-09-25
TXN001830,CUST3079,PROJ-1007,B-1507,305000,305000,0,0,0,7,2024-01-25,2024-02-01
TXN001192,CUST8783,PROJ-1008,C-2303,1118000,1084000,0,34000,0,1,2025-03-01,2025-03-02
TXN000855,CUST8451,PROJ-1002,C-0605,671000,671000,0,0,0,12,2024-07-02,2024-07-14
TXN001337,CUST3903,PROJ-1006,E-2104,525000,507000,0,18000,0,25,2024-05-12,2024-06-06
TXN000757,CUST7743,PROJ-1005,A-0411,1722000,1722000,0,0,0,12,2025-02-11,2025-02-23
TXN001457,CUST4213,PROJ-1007,B-1210,995000,995000,0,0,0,13,2025-06-29,2025-07-12
TXN000412,CUST1172,PROJ-1005,A-1703,1101000,0,1101000,0,31000,9,2025-05-03,
TXN002547,CUST6885,PROJ-1004,A-1710,-186000,153000,503000,8000,0,1,2024-06-18,2024-06-19
TXN000484,CUST1067,PROJ-1002,C-3001,1183000,1183000,0,0,0,13,2025-11-05,2025-11-18
TXN000550,CUST8703,PROJ-1002,E-2209,1274000,0,1274000,0,0,6,2024-03-08,
TXN002530,CUST9207,PROJ-1007,C-2211,1125000,628000,0,497000,0,3,2025-12-03,2025-12-06
TXN001306,CUST6430,PROJ-1006,B-1009,612000,221000,391000,0,0,7,2024-01-26,2024-02-02
TXN000045,CUST4788,PROJ-1003,D-2303,667000,667000,0,0,0,2,2024-03-04,2024-03-06
TXN001736,CUST7542,PROJ-1005,C-2512,528000,141000,387000,0,0,12,2024-05-24,2024-06-05
TXN000049,CUST3977,PROJ-1008,A-0907,1022000,375000,647000,0,0,3,2025-03-07,2025-03-10
TXN002214,CUST4525,PROJ-1002,C-0211,341000,334000,0,7000,0,12,2025-06-27,2025-07-09
TXN001608,CUST3331,PROJ-1001,C-2605,1215000,1215000,0,0,0,0,2025-10-11,2025-10-11
TXN000663,CUST8443,PROJ-1006,A-0512,1369000,1369000,0,0,0,6,2024-05-13,2024-05-19
TXN000392,CUST8896,PROJ-1001,A-0902,1164000,792000,372000,0,0,27,2025-02-26,2025-03-25
TXN002423,CUST9518,PROJ-1001,C-1411,343000,0,343000,0,0,0,2024-10-08,
TXN000727,CUST5512,PROJ-1008,B-0103,567000,567000,0,0,0,23,2024-12-02,2024-12-25
TXN000369,CUST4796,PROJ-1008,A-0906,645000,279000,366000,0,0,20,2025-04-10,2025-04-30
TXN000331,CUST3435,PROJ-1007,E-2910,306000,218000,88000,0,0,1,2024-06-18,2024-06-19
TXN000337,CUST2752,PROJ-1007,C-2004,727000,727000,0,0,0,12,2024-07-14,2024-07-26
TXN002491,CUST9673,PROJ-1003,A-1104,930000,930000,0,0,-634000,15,2024-12-07,2024-12-22
TXN001159,CUST9669,PROJ-1001,A-0106,821000,606000,177000,38000,0,10,2024-07-12,2024-07-22
TXN002026,CUST7118,PROJ-1001,B-0605,879000,879000,0,0,0,3,2025-08-03,2025-08-06
TXN000670,CUST6328,PROJ-1003,A-2610,1859000,1859000,0,0,0,27,2024-02-16,2024-03-14
TXN000892,CUST8130,PROJ-1007,C-2706,807000,785000,0,22000,0,1,2024-05-02,2024-05-03
TXN002542,CUST7081,PROJ-1002,C-1808,613000,174000,439000,0,0,-10,2025-01-18,2025-01-08
TXN000150,CUST8372,PROJ-1002,D-2209,935000,289000,646000,0,0,6,2024-05-12,2024-05-18
TXN000420,CUST9538,PROJ-1002,B-1607,1782000,1782000,0,0,0,7,2025-07-16,2025-07-23
TXN001312,CUST2871,PROJ-1008,A-2208,1447000,1447000,0,0,0,8,2024-09-21,2024-09-29
TXN000500,CUST3200,PROJ-1003,A-0311,375000,375000,0,0,0,1,2024-05-19,2024-05-20
TXN000979,CUST8430,PROJ-1006,D-1108,1133000,384000,749000,0,0,4,2025-05-20,2025-05-24
TXN000927,CUST8888,PROJ-1005,C-2801,568000,568000,0,0,0,8,2024-05-27,2024-06-04
TXN001204,CUST4268,PROJ-1003,A-0602,302000,302000,0,0,0,5,2024-03-22,2024-03-27
TXN002346,CUST9476,PROJ-1005,E-2004,870000,0,870000,0,0,12,2025-06-23,
TXN001798,CUST4964,PROJ-1006,E-0212,475000,0,475000,0,0,2,2025-03-16,
TXN001917,CUST8312,PROJ-1007,A-2304,553000,553000,0,0,0,18,2025-03-09,2025-03-27
TXN001563,CUST3780,PROJ-1007,A-2908,1549000,1503000,0,46000,0,27,2025-01-31,2025-02-27
TXN000251,CUST8717,PROJ-1003,A-0110,307000,307000,0,0,0,7,2025-02-11,2025-02-18
TXN000444,CUST9589,PROJ-1004,B-0802,1615000,1615000,0,0,0,11,2024-04-25,2024-05-06
TXN001148,CUST9496,PROJ-1003,E-1311,1812000,0,1812000,0,0,13,2024-09-26,
TXN001682,CUST2200,PROJ-1005,B-1904,1150000,510000,640000,0,0,27,2025-08-02,2025-08-29
TXN000534,CUST4409,PROJ-1008,C-0204,378000,378000,0,0,0,2,2024-06-29,2024-07-01
TXN002496,CUST2287,PROJ-1006,A-0609,827000,0,827000,0,372000,5,2024-05-30,
TXN001611,CUST8211,PROJ-1005,E-1101,796000,762000,0,34000,0,17,2024-07-14,2024-07-31
TXN001239,CUST5675,PROJ-1008,B-0310,300000,230000,70000,0,0,4,2024-01-01,2024-01-05
TXN002583,CUST7728,PROJ-1001,B-2502,1834000,2642000,-808000,0,0,10,2025-10-15,2025-10-25
TXN000259,CUST5067,PROJ-1006,D-3012,1084000,1084000,0,0,0,22,2025-11-20,2025-12-12
TXN000299,CUST1331,PROJ-1006,C-2705,1094000,857000,237000,0,0,1,2024-08-21,2024-08-22
TXN001295,CUST5722,PROJ-1003,E-1607,848000,807000,0,41000,0,3,2024-04-13,2024-04-16
TXN000042,CUST1822,PROJ-1008,E-0802,640000,0,640000,0,0,10,2025-09-01,
TXN000568,CUST5225,PROJ-1007,D-2302,1337000,1337000,0,0,15000,4,2024-05-29,2024-06-02
TXN000196,CUST7498,PROJ-1004,B-1806,1199000,1199000,0,0,0,7,2025-01-03,2025-01-10
TXN000131,CUST6221,PROJ-1001,A-2712,1630000,1619000,0,11000,0,14,2024-05-22,2024-06-05
TXN000989,CUST5310,PROJ-1007,E-1311,1492000,460000,1032000,0,0,17,2024-11-03,2024-11-20
TXN000206,CUST2562,PROJ-1006,E-3001,822000,822000,0,0,0,0,2024-10-04,2024-10-04
TXN001989,CUST9496,PROJ-1001,B-0806,632000,632000,0,0,0,25,2025-09-15,2025-10-10
TXN000749,CUST2310,PROJ-1008,C-1307,1094000,718000,376000,0,0,0,2025-05-08,2025-05-08
TXN000372,CUST9222,PROJ-1001,B-1503,681000,681000,0,0,0,5,2024-06-10,2024-06-15
TXN001985,CUST2386,PROJ-1004,B-0507,315000,186000,126000,3000,0,24,2025-04-22,2025-05-16
TXN000860,CUST6385,PROJ-1007,A-1106,2020000,2020000,0,0,0,0,2025-04-10,2025-04-10
TXN000811,CUST5317,PROJ-1002,B-2207,1097000,550000,547000,0,0,2,2024-07-04,2024-07-06
TXN001529,CUST5430,PROJ-1008,B-2011,1087000,473000,614000,0,0,24,2025-11-17,2025-12-11
TXN001245,CUST4847,PROJ-1004,D-2601,595000,0,595000,0,0,7,2025-05-15,
TXN001221,CUST8580,PROJ-1008,E-2912,870000,318000,552000,0,0,5,2024-05-26,2024-05-31
TXN001828,CUST6883,PROJ-1006,E-1806,500000,495000,0,5000,0,8,2025-07-03,2025-07-11
TXN000997,CUST7773,PROJ-1006,B-1812,614000,610000,0,4000,0,14,2025-02-11,2025-02-25
TXN002569,CUST4822,PROJ-1004,E-1011,1854000,2678000,-824000,0,0,3,2024-06-14,2024-06-17
TXN000482,CUST7131,PROJ-1002,A-2504,533000,0,533000,0,0,6,2024-06-06,
TXN001811,CUST2544,PROJ-1005,B-2301,1026000,0,1026000,0,0,16,2024-07-16,
TXN002283,CUST5987,PROJ-1008,C-2706,1593000,1202000,391000,0,0,1,2025-03-03,2025-03-04
TXN001857,CUST1598,PROJ-1001,D-3002,1636000,1636000,0,0,0,1,2024-05-29,2024-05-30
TXN002422,CUST3368,PROJ-1005,B-1705,1451000,1451000,0,0,0,5,2025-01-25,2025-01-30
TXN002090,CUST4803,PROJ-1003,C-2611,1175000,1175000,0,0,0,8,2025-04-29,2025-05-07
TXN001016,CUST3700,PROJ-1003,D-2801,882000,882000,0,0,0,6,2025-03-26,2025-04-01
TXN001863,CUST5254,PROJ-1007,A-1202,323000,125000,198000,0,0,13,2025-11-03,2025-11-16
TXN000388,CUST2422,PROJ-1003,C-2507,1502000,1502000,0,0,0,0,2025-12-21,2025-12-21
TXN000374,CUST4992,PROJ-1001,A-0510,1338000,1300000,0,38000,0,3,2024-06-19,2024-06-22
TXN000067,CUST5632,PROJ-1005,D-0311,877000,667000,210000,0,0,1,2025-03-11,2025-03-12
TXN001003,CUST2785,PROJ-1008,C-1103,350000,0,350000,0,0,7,2025-08-30,
TXN000553,CUST9513,PROJ-1004,C-1410,1488000,1488000,0,0,0,7,2025-12-14,2025-12-21
TXN001576,CUST2993,PROJ-1007,A-1802,999000,999000,0,0,0,22,2024-08-28,2024-09-19
TXN000043,CUST9270,PROJ-1008,D-2709,667000,667000,0,0,0,17,2024-09-10,2024-09-27
TXN001663,CUST3919,PROJ-1008,B-0305,935000,935000,0,0,0,0,2025-03-11,2025-03-11
TXN001970,CUST2455,PROJ-1005,A-1409,522000,381000,141000,0,0,18,2025-01-29,2025-02-16
TXN002316,CUST2290,PROJ-1004,C-1903,719000,0,719000,0,0,10,2025-01-27,
TXN000674,CUST6569,PROJ-1001,D-0607,577000,577000,0,0,0,7,2024-04-11,2024-04-18
TXN001672,CUST8251,PROJ-1006,C-0503,827000,827000,0,0,0,24,2024-06-14,2024-07-08
TXN000942,CUST4115,PROJ-1008,B-1908,1738000,1184000,554000,0,0,6,2025-03-25,2025-03-31
TXN002574,CUST5480,PROJ-1004,E-0702,1139000,1139000,296000,0,0,5,2025-01-09,2025-01-14
TXN001513,CUST9129,PROJ-1005,A-0702,1011000,674000,337000,0,0,5,2025-09-13,2025-09-18
TXN001578,CUST6158,PROJ-1004,C-1410,1672000,1672000,0,0,0,6,2024-01-18,2024-01-24
TXN000643,CUST7810,PROJ-1007,D-2410,2162000,2162000,0,0,0,9,2025-06-09,2025-06-18
TXN000720,CUST3102,PROJ-1003,C-2401,1350000,1350000,0,0,0,11,2025-03-11,2025-03-22
TXN000107,CUST2503,PROJ-1001,E-0707,976000,650000,326000,0,0,9,2025-08-04,2025-08-13
TXN002176,CUST9708,PROJ-1001,C-2203,748000,748000,0,0,0,14,2024-01-05,2024-01-19
TXN000064,CUST1878,PROJ-1002,B-0510,889000,501000,388000,0,0,3,2025-09-25,2025-09-28
TXN002308,CUST4048,PROJ-1002,D-1408,424000,260000,164000,0,0,7,2025-11-22,2025-11-29
TXN002010,CUST4948,PROJ-1007,B-2202,511000,144000,342000,25000,0,4,2024-01-19,2024-01-23
TXN000795,CUST8812,PROJ-1007,E-0505,569000,569000,0,0,0,13,2025-08-04,2025-08-17
TXN000528,CUST2870,PROJ-1002,D-2010,666000,526000,140000,0,0,5,2025-11-25,2025-11-30
TXN000454,CUST7837,PROJ-1004,B-1903,828000,828000,0,0,0,10,2024-07-30,2024-08-09
TXN000184,CUST1742,PROJ-1002,D-1212,584000,584000,0,0,0,0,2025-04-28,2025-04-28
TXN002600,CUST3111,PROJ-1005,B-1403,650000,484000,0,166000,0,4,2024-09-03,2024-09-07
TXN001924,CUST8068,PROJ-1001,D-2107,1416000,784000,632000,0,0,6,2025-07-25,2025-07-31
TXN001374,CUST3939,PROJ-1001,B-2704,739000,739000,0,0,0,1,2025-09-25,2025-09-26
TXN001038,CUST3286,PROJ-1004,B-2206,347000,165000,182000,0,0,6,2024-06-18,2024-06-24
TXN001669,CUST1746,PROJ-1008,E-0607,2044000,2044000,0,0,0,16,2024-06-11,2024-06-27
TXN002230,CUST3101,PROJ-1006,D-2109,708000,685000,0,23000,20000,15,2024-02-19,2024-03-05
TXN000248,CUST6152,PROJ-1007,B-0805,430000,430000,0,0,0,0,2025-12-08,2025-12-08
TXN001696,CUST3393,PROJ-1003,B-0210,1325000,1325000,0,0,0,29,2024-08-11,2024-09-09
TXN000328,CUST2699,PROJ-1003,D-3010,1341000,1341000,0,0,0,9,2025-01-02,2025-01-11
TXN000104,CUST3002,PROJ-1006,D-1211,1256000,1233000,0,23000,0,3,2025-06-03,2025-06-06
TXN002234,CUST1263,PROJ-1005,A-2012,960000,920000,0,40000,0,5,2025-11-21,2025-11-26
TXN002510,CUST5427,PROJ-1004,E-2101,931000,931000,0,0,416000,10,2024-02-21,2024-03-02
TXN001456,CUST5580,PROJ-1003,E-0612,1694000,0,1694000,0,0,14,2025-02-06,
TXN002461,CUST2823,PROJ-1002,B-1503,1434000,1434000,0,0,7000,24,2025-02-08,2025-03-04
TXN001581,CUST5623,PROJ-1004,A-2608,1679000,1624000,0,55000,0,6,2025-09-25,2025-10-01
TXN002474,CUST9408,PROJ-1006,E-2308,2213000,1030000,655000,528000,0,24,2025-05-19,2025-06-12
TXN001206,CUST2303,PROJ-1001,B-0705,1168000,1168000,0,0,0,2,2024-03-18,2024-03-20
TXN000494,CUST8972,PROJ-1002,A-1910,841000,841000,0,0,0,1,2025-02-19,2025-02-20
TXN001040,CUST1081,PROJ-1006,D-0606,547000,547000,0,0,0,11,2025-04-28,2025-05-09
TXN001928,CUST6224,PROJ-1004,C-0310,677000,139000,538000,0,0,7,2024-04-18,2024-04-25
TXN001188,CUST4558,PROJ-1004,C-1803,1043000,1043000,0,0,0,5,2024-07-30,2024-08-04
TXN002035,CUST3987,PROJ-1004,A-1902,1522000,1522000,0,0,0,14,2024-08-21,2024-09-04
TXN001591,CUST3069,PROJ-1003,C-1601,1038000,344000,694000,0,0,22,2025-12-22,2026-01-13
TXN001200,CUST5428,PROJ-1001,D-1106,1890000,0,1890000,0,0,17,2024-09-24,
TXN000148,CUST2988,PROJ-1004,B-2603,1118000,576000,509000,33000,0,20,2025-09-18,2025-10-08
TXN001774,CUST6951,PROJ-1001,C-2002,1270000,1270000,0,0,0,10,2025-01-09,2025-01-19
TXN002396,CUST3622,PROJ-1003,C-0512,512000,512000,0,0,0,2,2024-05-08,2024-05-10
TXN000773,CUST6092,PROJ-1001,A-1909,1007000,1007000,0,0,0,25,2025-11-26,2025-12-21
TXN000734,CUST3794,PROJ-1003,A-2002,908000,180000,693000,35000,0,2,2024-10-06,2024-10-08
TXN000287,CUST9962,PROJ-1002,A-1110,2012000,1136000,876000,0,0,2,2025-03-20,2025-03-22
TXN002432,CUST6026,PROJ-1002,E-2503,1016000,1016000,0,0,0,2,2025-07-08,2025-07-10
TXN002002,CUST8746,PROJ-1008,A-0205,429000,168000,261000,0,0,1,2024-11-15,2024-11-16
TXN000399,CUST4885,PROJ-1005,C-1610,1184000,1184000,0,0,0,5,2025-01-16,2025-01-21
TXN000507,CUST9283,PROJ-1003,A-2805,939000,939000,0,0,0,9,2024-04-24,2024-05-03
TXN000629,CUST6397,PROJ-1001,A-2110,841000,0,841000,0,0,4,2025-08-05,
TXN001216,CUST4852,PROJ-1003,E-1604,1014000,607000,388000,19000,0,9,2025-03-15,2025-03-24
TXN001079,CUST4683,PROJ-1006,C-0704,892000,892000,0,0,0,5,2024-07-20,2024-07-25
TXN002409,CUST5028,PROJ-1006,E-0612,1608000,572000,1036000,0,0,13,2025-07-30,2025-08-12
TXN000378,CUST1639,PROJ-1008,E-1702,553000,553000,0,0,0,22,2024-01-02,2024-01-24
TXN001315,CUST5075,PROJ-1004,D-2903,584000,584000,0,0,0,4,2025-08-03,2025-08-07
TXN000208,CUST2260,PROJ-1007,C-0610,1194000,476000,718000,0,0,14,2024-05-23,2024-06-06
TXN000973,CUST9284,PROJ-1006,A-3006,1135000,1135000,0,0,0,24,2024-05-08,2024-06-01
TXN001299,CUST2098,PROJ-1001,D-0501,1283000,680000,603000,0,0,21,2025-02-17,2025-03-10
TXN001094,CUST5488,PROJ-1008,A-0304,941000,941000,0,0,0,14,2024-02-17,2024-03-02
TXN001131,CUST1176,PROJ-1006,A-1705,1215000,1215000,0,0,0,4,2025-03-24,2025-03-28
TXN000899,CUST8548,PROJ-1003,A-0506,1033000,1033000,0,0,0,8,2024-09-03,2024-09-11
TXN000690,CUST4143,PROJ-1005,A-2311,2289000,2289000,0,0,0,10,2025-03-13,2025-03-23
TXN002576,CUST7441,PROJ-1005,C-1304,2122000,2785000,-663000,0,0,11,2024-10-30,2024-11-10
TXN002397,CUST9179,PROJ-1002,C-3011,679000,679000,0,0,0,27,2025-01-25,2025-02-21
TXN000065,CUST8381,PROJ-1007,D-1010,820000,0,820000,0,0,6,2024-04-11,
TXN001621,CUST4585,PROJ-1003,B-1006,337000,238000,85000,14000,0,0,2025-11-24,2025-11-24
TXN000285,CUST3725,PROJ-1007,D-1607,1373000,751000,622000,0,0,3,2025-12-04,2025-12-07
TXN001699,CUST3058,PROJ-1003,A-0801,458000,458000,0,0,0,2,2024-03-06,2024-03-08
TXN002487,CUST5709,PROJ-1003,B-0604,854000,135000,709000,10000,0,187,2024-09-15,2025-03-21
TXN001472,CUST3148,PROJ-1004,A-2606,873000,873000,0,0,0,2,2025-06-18,2025-06-20
TXN000771,CUST6623,PROJ-1002,D-3012,1186000,812000,374000,0,0,3,2024-08-16,2024-08-19
TXN002076,CUST1911,PROJ-1008,E-0908,1109000,518000,591000,0,0,4,2025-05-23,2025-05-27
TXN000807,CUST7464,PROJ-1003,D-2406,384000,0,384000,0,0,3,2024-09-29,
TXN002330,CUST5162,PROJ-1002,D-2807,711000,315000,396000,0,0,1,2024-02-08,2024-02-09
TXN001979,CUST1629,PROJ-1007,D-1308,2311000,2311000,0,0,0,5,2024-05-12,2024-05-17
TXN002517,CUST7597,PROJ-1004,C-0101,750000,0,750000,0,218000,13,2024-02-26,
TXN001253,CUST3365,PROJ-1008,A-2305,1026000,791000,235000,0,0,0,2024-07-14,2024-07-14
TXN000368,CUST8310,PROJ-1003,B-0610,2383000,1819000,564000,0,0,3,2024-02-11,2024-02-14
TXN001152,CUST1942,PROJ-1008,C-1612,667000,361000,306000,0,0,12,2024-01-29,2024-02-10
TXN001841,CUST5245,PROJ-1006,C-1703,1648000,981000,657000,10000,0,5,2024-03-11,2024-03-16
TXN001176,CUST8142,PROJ-1004,E-1208,1063000,0,1063000,0,0,6,2024-07-12,
TXN001650,CUST9181,PROJ-1005,C-2608,1115000,0,1115000,0,0,10,2025-10-12,
TXN002209,CUST1192,PROJ-1008,D-0707,747000,340000,407000,0,0,1,2024-01-05,2024-01-06
TXN000143,CUST6952,PROJ-1007,E-2612,633000,613000,0,20000,0,3,2024-03-09,2024-03-12
TXN000850,CUST6843,PROJ-1001,C-1309,930000,0,930000,0,0,3,2025-12-20,
TXN000084,CUST5161,PROJ-1008,D-0911,544000,544000,0,0,0,26,2025-03-28,2025-04-23
TXN001900,CUST8611,PROJ-1008,A-3004,510000,374000,136000,0,0,0,2025-12-02,2025-12-02
TXN002550,CUST4563,PROJ-1003,E-0508,2160000,476000,1684000,0,0,139,2025-07-24,2025-12-10
TXN000283,CUST4619,PROJ-1006,E-0408,947000,0,947000,0,0,20,2024-06-20,
TXN001779,CUST4013,PROJ-1007,C-2202,990000,313000,641000,36000,0,13,2024-12-01,2024-12-14
TXN001013,CUST5498,PROJ-1004,C-2707,1641000,0,1641000,0,0,17,2025-07-28,
TXN001634,CUST3073,PROJ-1001,A-0501,653000,653000,0,0,0,1,2024-05-14,2024-05-15
TXN001274,CUST7325,PROJ-1008,E-2309,2257000,2257000,0,0,0,12,2024-04-03,2024-04-15
TXN001020,CUST7266,PROJ-1004,C-0612,403000,403000,0,0,0,4,2024-11-13,2024-11-17
TXN002445,CUST5643,PROJ-1008,C-2307,364000,95000,269000,0,0,6,2024-03-20,2024-03-26
TXN001538,CUST7674,PROJ-1004,A-0804,1255000,1255000,0,0,12000,4,2024-09-17,2024-09-21
TXN002334,CUST2763,PROJ-1003,D-1611,945000,945000,0,0,0,7,2025-02-14,2025-02-21
TXN002018,CUST7078,PROJ-1008,E-1512,1769000,552000,1217000,0,0,0,2025-02-05,2025-02-05
TXN000300,CUST6257,PROJ-1008,C-2407,2354000,2295000,0,59000,0,14,2025-05-11,2025-05-25
TXN001292,CUST4590,PROJ-1003,E-2109,2113000,0,2113000,0,0,1,2025-01-08,
TXN000632,CUST6080,PROJ-1007,E-0506,493000,240000,253000,0,0,9,2025-07-30,2025-08-08
TXN001912,CUST4410,PROJ-1005,E-0704,770000,0,770000,0,0,13,2025-08-29,
TXN000739,CUST4807,PROJ-1002,B-0406,982000,948000,0,34000,10000,15,2025-11-04,2025-11-19
TXN000862,CUST4496,PROJ-1008,A-0701,783000,783000,0,0,0,5,2024-10-07,2024-10-12
TXN001455,CUST1489,PROJ-1005,C-2507,1263000,1263000,0,0,0,11,2024-02-01,2024-02-12
TXN002168,CUST3871,PROJ-1001,A-2109,2280000,1137000,1143000,0,0,10,2025-07-26,2025-08-05
TXN001818,CUST8780,PROJ-1001,A-0509,970000,0,970000,0,0,1,2024-06-04,
TXN001906,CUST7473,PROJ-1008,C-2703,674000,0,674000,0,0,15,2025-08-25,
TXN001780,CUST9386,PROJ-1008,A-0409,1225000,1225000,0,0,0,19,2024-10-12,2024-10-31
TXN000637,CUST7438,PROJ-1003,A-0307,1129000,648000,481000,0,0,4,2024-09-28,2024-10-02
TXN002114,CUST2405,PROJ-1004,C-0710,470000,466000,0,4000,0,2,2025-02-26,2025-02-28
TXN001224,CUST9577,PROJ-1004,E-1004,944000,944000,0,0,0,2,2024-07-28,2024-07-30
TXN002055,CUST7566,PROJ-1007,B-0102,838000,838000,0,0,0,5,2025-06-02,2025-06-07
TXN001945,CUST6127,PROJ-1006,D-2405,696000,696000,0,0,0,9,2025-08-27,2025-09-05
TXN001102,CUST2197,PROJ-1004,D-2705,973000,973000,0,0,0,1,2024-12-04,2024-12-05
TXN000915,CUST6888,PROJ-1007,B-2402,996000,605000,391000,0,0,29,2025-04-05,2025-05-04
TXN001300,CUST9514,PROJ-1008,C-2610,1850000,1850000,0,0,0,18,2025-05-30,2025-06-17
TXN000591,CUST9301,PROJ-1003,A-1305,1120000,1120000,0,0,0,4,2024-10-18,2024-10-22
TXN001688,CUST9133,PROJ-1007,D-1010,1122000,0,1122000,0,0,6,2025-03-05,
TXN002306,CUST1451,PROJ-1006,E-2710,909000,909000,0,0,0,14,2024-03-23,2024-04-06
TXN000352,CUST2879,PROJ-1001,C-1504,2303000,988000,1315000,0,0,5,2024-04-26,2024-05-01
TXN001187,CUST7140,PROJ-1007,C-0707,1093000,701000,354000,38000,0,5,2025-09-30,2025-10-05
TXN001201,CUST9008,PROJ-1004,C-0902,1204000,1162000,0,42000,0,0,2024-04-26,2024-04-26
TXN002020,CUST3245,PROJ-1005,A-1105,2269000,2269000,0,0,0,1,2025-06-10,2025-06-11
TXN002357,CUST8937,PROJ-1004,C-1001,877000,877000,0,0,0,16,2025-04-27,2025-05-13
TXN002405,CUST6806,PROJ-1006,D-2603,1140000,0,1140000,0,0,12,2025-03-29,
TXN000087,CUST6772,PROJ-1004,B-2104,1526000,1073000,453000,0,0,1,2025-10-05,2025-10-06
TXN001952,CUST4461,PROJ-1004,A-1308,1198000,1198000,0,0,0,7,2024-05-03,2024-05-10
TXN000758,CUST3759,PROJ-1001,D-0102,519000,157000,362000,0,0,2,2025-01-18,2025-01-20
TXN002458,CUST2398,PROJ-1006,B-1308,1136000,1136000,0,0,0,8,2024-07-30,2024-08-07
TXN000714,CUST8086,PROJ-1008,D-1208,1086000,1086000,0,0,0,1,2025-10-22,2025-10-23
TXN000397,CUST3101,PROJ-1004,A-1707,1067000,496000,549000,22000,0,12,2024-05-03,2024-05-15
TXN002361,CUST3315,PROJ-1002,D-1810,1130000,1130000,0,0,0,0,2024-08-01,2024-08-01
TXN002360,CUST5005,PROJ-1005,D-2809,502000,502000,0,0,0,0,2024-03-27,2024-03-27
TXN000364,CUST6432,PROJ-1003,D-1508,1612000,1612000,0,0,0,1,2025-09-13,2025-09-14
TXN001637,CUST8486,PROJ-1008,D-1207,1201000,733000,468000,0,0,2,2025-10-29,2025-10-31
TXN002208,CUST8286,PROJ-1004,B-2301,2465000,1077000,1388000,0,0,14,2025-02-13,2025-02-27
TXN001448,CUST3594,PROJ-1001,B-2901,1637000,832000,752000,53000,0,12,2025-09-04,2025-09-16
TXN001506,CUST7644,PROJ-1006,D-1911,886000,374000,512000,0,0,11,2025-08-27,2025-09-07
TXN001836,CUST8429,PROJ-1007,B-1902,1010000,981000,0,29000,0,1,2024-04-02,2024-04-03
TXN002301,CUST8313,PROJ-1003,B-0301,905000,905000,0,0,0,4,2025-07-12,2025-07-16
TXN001027,CUST6098,PROJ-1001,C-1806,479000,479000,0,0,0,1,2025-04-19,2025-04-20
TXN001391,CUST4938,PROJ-1004,D-2010,1965000,1965000,0,0,0,14,2025-10-01,2025-10-15
TXN000016,CUST4681,PROJ-1004,A-1101,2162000,2162000,0,0,0,0,2025-10-08,2025-10-08
TXN002378,CUST9630,PROJ-1001,E-0305,844000,420000,424000,0,8000,18,2024-10-19,2024-11-06
TXN001380,CUST8853,PROJ-1002,D-3011,2494000,2494000,0,0,0,20,2025-07-05,2025-07-25
TXN000486,CUST5483,PROJ-1003,A-0110,2078000,2017000,0,61000,0,15,2025-12-22,2026-01-06
TXN000736,CUST7399,PROJ-1002,C-1501,1010000,988000,0,22000,0,2,2024-09-01,2024-09-03
TXN000875,CUST4962,PROJ-1007,E-1304,2351000,0,2351000,0,0,4,2025-03-15,
TXN001685,CUST6058,PROJ-1004,B-0410,500000,0,500000,0,0,18,2025-11-19,
TXN002297,CUST2326,PROJ-1006,C-2804,433000,133000,300000,0,0,14,2024-05-14,2024-05-28
TXN000282,CUST3872,PROJ-1004,D-1012,934000,929000,0,5000,0,0,2025-08-04,2025-08-04
TXN002084,CUST5977,PROJ-1007,E-2908,427000,427000,0,0,0,7,2025-04-16,2025-04-23
TXN001475,CUST1104,PROJ-1003,B-1209,987000,987000,0,0,0,15,2024-08-11,2024-08-26
TXN000266,CUST6345,PROJ-1007,C-1505,678000,180000,498000,0,0,2,2024-04-18,2024-04-20
TXN000695,CUST2567,PROJ-1008,D-1902,332000,205000,127000,0,0,0,2024-05-10,2024-05-10
TXN000194,CUST1844,PROJ-1004,C-1311,2264000,2245000,0,19000,0,8,2025-11-18,2025-11-26
TXN000933,CUST3427,PROJ-1007,A-1008,596000,596000,0,0,0,21,2025-10-28,2025-11-18
TXN001066,CUST4673,PROJ-1001,B-2010,1169000,0,1169000,0,0,19,2024-11-28,
TXN000557,CUST6633,PROJ-1006,B-1208,1341000,1341000,0,0,0,14,2025-05-26,2025-06-09
TXN001524,CUST2557,PROJ-1005,E-2602,987000,987000,0,0,0,7,2025-09-01,2025-09-08
TXN001988,CUST6361,PROJ-1007,D-1003,911000,0,911000,0,0,4,2025-10-26,
TXN000417,CUST2477,PROJ-1004,B-0108,959000,959000,0,0,0,6,2025-01-15,2025-01-21
TXN001643,CUST6632,PROJ-1007,A-1011,1790000,1766000,0,24000,0,20,2025-03-20,2025-04-09
TXN000885,CUST5822,PROJ-1006,D-2408,1038000,1038000,0,0,0,11,2024-07-21,2024-08-01
TXN002504,CUST8372,PROJ-1003,A-2705,2358000,2358000,772000,0,0,2,2025-06-01,2025-06-03
TXN000199,CUST9180,PROJ-1004,E-2111,1070000,689000,381000,0,0,2,2025-04-16,2025-04-18
TXN001195,CUST8329,PROJ-1003,A-1611,1721000,415000,1306000,0,0,10,2024-05-18,2024-05-28
TXN001174,CUST7524,PROJ-1005,C-1805,1697000,1697000,0,0,0,26,2024-07-25,2024-08-20
TXN002536,CUST9740,PROJ-1001,B-0207,1930000,1930000,0,0,0,185,2025-10-05,2026-04-08
TXN000825,CUST1170,PROJ-1001,C-0812,985000,752000,233000,0,21000,1,2025-08-20,2025-08-21
TXN002107,CUST4574,PROJ-1007,A-1910,1571000,1571000,0,0,0,5,2024-12-08,2024-12-13
TXN001121,CUST8425,PROJ-1004,E-0909,624000,624000,0,0,0,4,2024-12-11,2024-12-15
TXN002213,CUST1393,PROJ-1003,E-1207,1396000,401000,995000,0,0,5,2025-09-28,2025-10-03
TXN001659,CUST3887,PROJ-1005,D-2909,772000,385000,387000,0,0,7,2024-04-25,2024-05-02
TXN000400,CUST5581,PROJ-1007,D-0610,840000,448000,392000,0,0,2,2025-01-25,2025-01-27
TXN001233,CUST2113,PROJ-1007,A-0710,409000,409000,0,0,0,8,2024-03-23,2024-03-31
TXN001722,CUST8444,PROJ-1004,B-0601,1699000,1699000,0,0,0,11,2025-01-20,2025-01-31
TXN002089,CUST2865,PROJ-1008,C-2107,2262000,1057000,1190000,15000,0,7,2025-04-02,2025-04-09
TXN002204,CUST6235,PROJ-1004,A-2008,1452000,354000,1098000,0,0,1,2025-08-12,2025-08-13
TXN001941,CUST3994,PROJ-1005,A-2903,1388000,342000,1046000,0,0,2,2025-05-23,2025-05-25
TXN001503,CUST3017,PROJ-1007,C-2003,742000,742000,0,0,0,0,2025-09-26,2025-09-26
TXN001966,CUST6383,PROJ-1002,A-0708,360000,0,360000,0,0,20,2025-02-26,
TXN002597,CUST6785,PROJ-1007,C-1806,793000,897000,-113000,9000,0,7,2024-01-24,2024-01-31
TXN000226,CUST6422,PROJ-1003,E-1408,1025000,448000,577000,0,0,20,2025-09-20,2025-10-10
TXN000154,CUST4453,PROJ-1005,E-1410,561000,214000,347000,0,0,15,2024-09-07,2024-09-22
TXN001427,CUST6518,PROJ-1006,A-0904,1218000,471000,747000,0,0,3,2025-06-05,2025-06-08
TXN000859,CUST8632,PROJ-1006,D-2109,614000,0,591000,23000,0,6,2025-03-19,
TXN002043,CUST8429,PROJ-1007,D-0506,1005000,1005000,0,0,0,3,2024-02-10,2024-02-13
TXN001534,CUST3485,PROJ-1005,A-1501,1188000,1188000,0,0,0,8,2024-12-30,2025-01-07
TXN000896,CUST7126,PROJ-1002,E-0401,650000,0,650000,0,0,13,2025-12-05,
TXN001037,CUST7977,PROJ-1007,C-1907,1060000,1047000,0,13000,0,26,2025-12-15,2026-01-10
TXN002006,CUST4337,PROJ-1004,B-1112,639000,639000,0,0,0,4,2025-04-24,2025-04-28
TXN002189,CUST8626,PROJ-1008,E-2502,1148000,1148000,0,0,0,6,2024-09-07,2024-09-13
TXN001676,CUST5518,PROJ-1008,A-2704,555000,555000,0,0,0,14,2024-11-08,2024-11-22
TXN001181,CUST4678,PROJ-1002,A-1909,310000,0,310000,0,0,12,2025-10-22,
TXN001392,CUST3060,PROJ-1003,A-0205,364000,364000,0,0,0,23,2025-07-23,2025-08-15
TXN000421,CUST8884,PROJ-1005,C-0706,414000,414000,0,0,0,2,2024-01-16,2024-01-18
TXN002023,CUST2680,PROJ-1007,D-2703,1368000,1368000,0,0,0,2,2025-10-17,2025-10-19
TXN001203,CUST2153,PROJ-1006,B-1911,1162000,1162000,0,0,0,0,2024-05-04,2024-05-04
TXN000347,CUST1212,PROJ-1001,C-0710,1370000,576000,794000,0,0,7,2025-08-25,2025-09-01
TXN002244,CUST6236,PROJ-1001,A-1901,1709000,1709000,0,0,0,5,2024-04-27,2024-05-02
TXN000323,CUST3627,PROJ-1005,A-1808,1104000,0,1104000,0,24000,15,2025-08-10,
TXN001168,CUST9810,PROJ-1006,A-2711,1274000,1274000,0,0,0,12,2025-11-28,2025-12-10
TXN001992,CUST7701,PROJ-1007,A-3009,1100000,650000,450000,0,0,27,2025-10-19,2025-11-15
TXN001421,CUST4030,PROJ-1002,B-1003,924000,924000,0,0,0,12,2025-09-29,2025-10-11
TXN002475,CUST1439,PROJ-1008,B-0206,1025000,1025000,0,0,530000,1,2024-03-16,2024-03-17
TXN002277,CUST1078,PROJ-1006,B-1801,521000,505000,0,16000,0,1,2025-11-23,2025-11-24
TXN000630,CUST1797,PROJ-1004,C-1101,587000,587000,0,0,0,3,2024-07-01,2024-07-04
TXN000463,CUST7521,PROJ-1008,C-2505,675000,675000,0,0,0,22,2025-06-13,2025-07-05
TXN000512,CUST2595,PROJ-1001,E-2106,1140000,1140000,0,0,0,15,2024-09-30,2024-10-15
TXN000238,CUST3174,PROJ-1003,B-0512,1669000,1669000,0,0,0,8,2024-05-25,2024-06-02
TXN002152,CUST1784,PROJ-1005,A-2304,476000,476000,0,0,0,28,2025-03-19,2025-04-16
TXN002267,CUST3275,PROJ-1007,C-2310,881000,329000,552000,0,0,12,2024-01-26,2024-02-07
TXN000796,CUST7064,PROJ-1001,B-2210,1241000,1241000,0,0,0,7,2025-04-24,2025-05-01
TXN001914,CUST3649,PROJ-1002,E-0208,1588000,890000,698000,0,0,26,2024-05-17,2024-06-12
TXN001936,CUST4739,PROJ-1006,D-0604,1244000,720000,472000,52000,0,29,2024-07-29,2024-08-27
TXN002558,CUST7784,PROJ-1006,A-1912,1631000,1100000,0,531000,0,15,2025-11-07,2025-11-22
TXN000180,CUST5833,PROJ-1002,C-2004,740000,0,740000,0,0,13,2025-01-17,
TXN002535,CUST1029,PROJ-1003,E-0411,1269000,1252000,0,17000,0,-8,2024-01-19,2024-01-11
TXN001348,CUST2230,PROJ-1006,D-1012,1227000,842000,325000,60000,0,9,2025-06-21,2025-06-30
TXN000644,CUST4799,PROJ-1008,A-1701,1104000,497000,607000,0,0,1,2025-04-29,2025-04-30
TXN002448,CUST8293,PROJ-1007,D-2204,1008000,1008000,0,0,0,15,2025-11-20,2025-12-05
TXN000348,CUST4170,PROJ-1004,C-1503,398000,398000,0,0,0,6,2024-02-11,2024-02-17
TXN001866,CUST2313,PROJ-1001,A-2605,307000,307000,0,0,0,3,2024-04-29,2024-05-02
TXN000901,CUST2278,PROJ-1004,A-1601,614000,614000,0,0,0,1,2025-05-14,2025-05-15
TXN000023,CUST6138,PROJ-1001,A-0210,1027000,1027000,0,0,0,1,2025-06-04,2025-06-05
TXN000665,CUST9020,PROJ-1008,D-2703,1130000,781000,307000,42000,0,12,2024-04-30,2024-05-12
TXN002323,CUST7005,PROJ-1008,C-1503,608000,608000,0,0,0,23,2025-05-14,2025-06-06
TXN000803,CUST8586,PROJ-1001,E-2808,487000,474000,0,13000,0,21,2024-12-24,2025-01-14
TXN001507,CUST7094,PROJ-1006,C-1403,863000,303000,560000,0,0,0,2025-03-20,2025-03-20
TXN001338,CUST3769,PROJ-1005,C-2205,670000,670000,0,0,0,14,2024-04-09,2024-04-23
TXN001618,CUST4568,PROJ-1003,B-1905,1409000,299000,1110000,0,0,7,2025-02-06,2025-02-13
TXN002044,CUST4127,PROJ-1007,E-2206,1334000,1334000,0,0,0,6,2025-08-10,2025-08-16
TXN000204,CUST2294,PROJ-1007,C-1308,1510000,1070000,440000,0,0,30,2025-10-31,2025-11-30
TXN002118,CUST6490,PROJ-1006,A-2206,776000,776000,0,0,0,0,2024-06-06,2024-06-06
TXN002154,CUST2229,PROJ-1005,A-0511,1097000,0,1097000,0,0,18,2025-04-22,
TXN000315,CUST3120,PROJ-1002,E-1411,923000,923000,0,0,0,2,2025-06-30,2025-07-02
TXN002465,CUST4643,PROJ-1007,A-0811,1006000,356000,650000,0,0,6,2025-03-15,2025-03-21
TXN002549,CUST5299,PROJ-1001,A-3009,1131000,1131000,0,0,8000,-4,2024-02-14,2024-02-10
TXN002420,CUST7607,PROJ-1002,D-1710,749000,749000,0,0,19000,5,2024-07-30,2024-08-04
TXN000552,CUST5803,PROJ-1001,D-2209,1097000,411000,686000,0,0,0,2024-03-05,2024-03-05
TXN001517,CUST9910,PROJ-1004,E-0312,2468000,2468000,0,0,0,4,2024-01-04,2024-01-08
TXN001528,CUST3946,PROJ-1002,B-1310,457000,114000,343000,0,0,7,2024-06-10,2024-06-17
TXN002467,CUST1253,PROJ-1008,B-1003,1654000,0,1654000,0,0,1,2025-04-06,
TXN000814,CUST5411,PROJ-1002,C-0906,759000,759000,0,0,0,11,2024-02-23,2024-03-05
TXN000719,CUST6581,PROJ-1008,A-1104,1308000,1308000,0,0,0,0,2025-07-25,2025-07-25
TXN001593,CUST5587,PROJ-1006,A-0202,1045000,1045000,0,0,0,11,2024-06-13,2024-06-24
TXN002470,CUST3815,PROJ-1006,D-2601,783000,759000,0,24000,0,7,2025-12-25,2026-01-01
TXN000558,CUST6246,PROJ-1008,B-0112,2064000,2064000,0,0,0,28,2024-10-23,2024-11-20
TXN000183,CUST8429,PROJ-1001,B-1707,1091000,465000,598000,28000,0,13,2024-01-04,2024-01-17
TXN001728,CUST7854,PROJ-1001,A-2907,1369000,713000,599000,57000,0,2,2024-06-10,2024-06-12
TXN002202,CUST7022,PROJ-1005,A-0105,1156000,1150000,0,6000,0,6,2025-08-04,2025-08-10
TXN002412,CUST9662,PROJ-1007,D-2706,1222000,1222000,0,0,0,25,2025-11-10,2025-12-05
TXN001258,CUST8449,PROJ-1002,D-2406,1092000,353000,718000,21000,0,1,2025-02-24,2025-02-25
TXN000276,CUST9674,PROJ-1008,C-2510,767000,555000,185000,27000,0,14,2024-02-27,2024-03-12
TXN000114,CUST6083,PROJ-1007,C-0806,680000,680000,0,0,0,5,2024-12-23,2024-12-28
TXN002060,CUST8699,PROJ-1006,A-2402,521000,521000,0,0,0,4,2025-09-29,2025-10-03
TXN000660,CUST7926,PROJ-1005,E-0412,496000,496000,0,0,0,25,2025-10-28,2025-11-22
TXN000005,CUST4150,PROJ-1006,A-0211,903000,387000,516000,0,0,10,2025-04-09,2025-04-19
TXN001321,CUST1662,PROJ-1002,B-2905,905000,877000,0,28000,0,14,2024-07-15,2024-07-29
TXN000935,CUST3858,PROJ-1002,B-1211,1712000,1712000,0,0,0,4,2025-11-05,2025-11-09
TXN000851,CUST7672,PROJ-1006,E-0409,625000,625000,0,0,0,4,2024-02-08,2024-02-12
TXN001901,CUST5771,PROJ-1001,E-0704,1033000,0,1033000,0,0,18,2025-01-20,
TXN001586,CUST7228,PROJ-1003,A-1002,1012000,1012000,0,0,0,25,2024-05-22,2024-06-16
TXN000039,CUST8618,PROJ-1006,D-1511,1136000,343000,793000,0,0,4,2024-03-27,2024-03-31
TXN001642,CUST5173,PROJ-1005,C-2101,952000,952000,0,0,0,12,2024-07-12,2024-07-24
TXN000493,CUST7288,PROJ-1008,A-1104,1904000,1003000,901000,0,0,2,2024-08-29,2024-08-31
TXN001481,CUST2037,PROJ-1003,D-2204,1064000,0,1064000,0,0,18,2025-11-02,
TXN000589,CUST7285,PROJ-1002,D-1107,982000,708000,261000,13000,0,7,2024-06-17,2024-06-24
TXN002083,CUST8449,PROJ-1001,E-0504,1317000,1278000,0,39000,0,3,2024-08-24,2024-08-27
TXN000805,CUST4704,PROJ-1005,D-1306,1182000,313000,869000,0,0,11,2025-03-25,2025-04-05
TXN000341,CUST5482,PROJ-1004,D-1105,1344000,498000,814000,32000,0,7,2025-12-19,2025-12-26
TXN000469,CUST9169,PROJ-1008,E-2601,2035000,2035000,0,0,0,6,2025-02-23,2025-03-01
TXN001426,CUST2192,PROJ-1007,B-0109,1348000,387000,961000,0,0,15,2024-07-13,2024-07-28
TXN002425,CUST2709,PROJ-1008,C-1105,1237000,1237000,0,0,0,0,2025-02-06,2025-02-06
TXN000410,CUST8801,PROJ-1006,D-2809,1375000,421000,954000,0,0,6,2025-09-03,2025-09-09
TXN002038,CUST6301,PROJ-1008,D-1912,2305000,2236000,0,69000,0,14,2025-02-06,2025-02-20
TXN000134,CUST9443,PROJ-1001,E-0812,905000,905000,0,0,0,2,2025-03-02,2025-03-04
TXN000091,CUST5295,PROJ-1006,E-1311,914000,914000,0,0,0,4,2025-07-28,2025-08-01
TXN001021,CUST5157,PROJ-1006,E-3001,1573000,1546000,0,27000,0,12,2025-12-13,2025-12-25
TXN001847,CUST6439,PROJ-1003,A-1802,573000,0,573000,0,0,18,2024-12-20,
TXN000403,CUST5256,PROJ-1006,C-1209,1540000,1540000,0,0,0,27,2025-11-26,2025-12-23
TXN000101,CUST9984,PROJ-1005,C-1310,1618000,1618000,0,0,0,1,2025-12-19,2025-12-20
TXN000273,CUST3435,PROJ-1008,A-2010,1515000,738000,777000,0,0,4,2024-03-30,2024-04-03
TXN001544,CUST8214,PROJ-1007,C-3009,1095000,1095000,0,0,0,9,2024-12-14,2024-12-23
TXN001711,CUST5081,PROJ-1006,A-0605,1021000,973000,0,48000,0,8,2025-08-18,2025-08-26
TXN001649,CUST9667,PROJ-1006,D-1301,1554000,675000,879000,0,0,8,2025-12-07,2025-12-15
TXN000909,CUST1050,PROJ-1005,A-0609,2000000,604000,1396000,0,0,1,2025-11-28,2025-11-29
TXN000432,CUST2276,PROJ-1005,B-1702,421000,421000,0,0,0,8,2024-09-11,2024-09-19
TXN001147,CUST3381,PROJ-1004,A-1004,553000,553000,0,0,0,2,2025-08-04,2025-08-06
TXN000718,CUST7512,PROJ-1003,B-0812,1097000,1097000,0,0,0,12,2025-04-24,2025-05-06
TXN000717,CUST5906,PROJ-1001,C-2706,925000,925000,0,0,0,7,2025-10-31,2025-11-07
TXN001289,CUST7187,PROJ-1002,B-2607,829000,829000,0,0,0,22,2024-10-24,2024-11-15
TXN000450,CUST1312,PROJ-1002,C-2811,742000,551000,191000,0,0,19,2025-05-11,2025-05-30
TXN000262,CUST9954,PROJ-1004,B-0501,525000,381000,144000,0,0,0,2024-12-09,2024-12-09
TXN000422,CUST2960,PROJ-1005,D-2604,322000,94000,228000,0,0,3,2024-04-01,2024-04-04
TXN001610,CUST1975,PROJ-1006,A-0607,341000,259000,82000,0,0,28,2024-12-21,2025-01-18
TXN001139,CUST1395,PROJ-1003,C-0405,1341000,1307000,0,34000,0,4,2025-11-30,2025-12-04
TXN000034,CUST7528,PROJ-1004,C-0902,1168000,0,1168000,0,0,10,2025-07-03,
TXN002177,CUST2310,PROJ-1005,D-2303,916000,0,916000,0,0,19,2025-02-11,
TXN002240,CUST8733,PROJ-1007,E-0305,754000,0,754000,0,0,12,2025-10-10,
TXN000247,CUST7745,PROJ-1003,E-2208,691000,691000,0,0,0,5,2025-01-28,2025-02-02
TXN000149,CUST6067,PROJ-1002,D-2312,1051000,1051000,0,0,0,28,2024-05-08,2024-06-05
TXN001732,CUST3572,PROJ-1004,A-2711,393000,263000,130000,0,0,13,2025-01-16,2025-01-29
TXN002061,CUST3521,PROJ-1005,B-1711,564000,541000,0,23000,0,13,2025-09-18,2025-10-01
TXN001655,CUST5353,PROJ-1002,B-1302,855000,470000,385000,0,0,14,2024-09-10,2024-09-24
TXN000406,CUST4739,PROJ-1006,C-1111,1545000,1545000,0,0,0,14,2025-03-31,2025-04-14
TXN001768,CUST9174,PROJ-1005,C-1607,1367000,1367000,0,0,0,9,2024-08-16,2024-08-25
TXN000912,CUST9606,PROJ-1004,E-0603,352000,352000,0,0,0,30,2024-12-25,2025-01-24
TXN002151,CUST1614,PROJ-1002,D-1010,499000,484000,0,15000,0,1,2024-06-04,2024-06-05
TXN000923,CUST9942,PROJ-1008,B-1307,373000,373000,0,0,0,12,2025-12-02,2025-12-14
TXN000575,CUST6036,PROJ-1004,B-0703,523000,523000,0,0,0,13,2025-05-10,2025-05-23
TXN001531,CUST1721,PROJ-1007,D-2909,786000,418000,368000,0,0,4,2024-08-17,2024-08-21
TXN001304,CUST8590,PROJ-1004,B-1401,753000,753000,0,0,0,5,2024-02-24,2024-02-29
TXN002428,CUST9213,PROJ-1003,C-2401,690000,0,690000,0,0,6,2025-10-26,
TXN001170,CUST4375,PROJ-1007,A-3005,426000,426000,0,0,0,29,2024-06-30,2024-07-29
TXN000982,CUST4795,PROJ-1002,C-0502,1179000,1179000,0,0,0,27,2024-02-10,2024-03-08
TXN002219,CUST8385,PROJ-1008,E-0901,320000,312000,0,8000,0,7,2025-09-12,2025-09-19
TXN002030,CUST7487,PROJ-1008,E-0106,552000,0,552000,0,0,15,2025-12-11,
TXN001598,CUST5201,PROJ-1008,A-2909,1655000,1655000,0,0,0,2,2025-10-23,2025-10-25
TXN001794,CUST4197,PROJ-1006,B-2207,364000,358000,0,6000,0,1,2025-06-29,2025-06-30
TXN002150,CUST4491,PROJ-1002,D-1609,1315000,1315000,0,0,0,3,2024-03-14,2024-03-17
TXN001907,CUST7121,PROJ-1005,A-1512,565000,255000,310000,0,0,30,2025-05-22,2025-06-21
TXN002124,CUST5889,PROJ-1007,C-2008,1332000,1310000,0,22000,0,2,2024-10-01,2024-10-03
TXN002543,CUST6263,PROJ-1006,A-2201,1110000,523000,587000,0,0,240,2024-02-07,2024-10-04
TXN000217,CUST8848,PROJ-1004,C-0607,1106000,0,1106000,0,0,10,2024-09-05,
TXN001748,CUST3736,PROJ-1006,A-2109,1211000,1211000,0,0,0,10,2024-03-17,2024-03-27
TXN001454,CUST9092,PROJ-1004,A-2611,1667000,1126000,541000,0,35000,0,2025-01-12,2025-01-12
TXN000365,CUST3293,PROJ-1005,E-0705,340000,234000,106000,0,0,5,2025-08-15,2025-08-20
TXN001585,CUST1382,PROJ-1007,E-0803,346000,331000,0,15000,0,7,2025-10-08,2025-10-15
TXN000783,CUST5484,PROJ-1008,A-2610,1003000,1003000,0,0,0,1,2025-08-08,2025-08-09
TXN001599,CUST7769,PROJ-1008,E-1810,1032000,1032000,0,0,0,14,2025-04-28,2025-05-12
TXN000383,CUST8925,PROJ-1006,C-1010,1612000,960000,652000,0,0,6,2024-08-23,2024-08-29
TXN002471,CUST5527,PROJ-1006,E-0103,1486000,1711000,-225000,0,0,15,2025-05-30,2025-06-14
TXN002041,CUST1566,PROJ-1007,C-2006,1128000,1128000,0,0,0,10,2024-02-08,2024-02-18
TXN001761,CUST7071,PROJ-1008,A-0201,648000,286000,362000,0,0,21,2025-08-29,2025-09-19
TXN001283,CUST2825,PROJ-1001,C-2012,1098000,1098000,0,0,0,13,2025-08-07,2025-08-20
TXN000333,CUST8341,PROJ-1008,A-2808,831000,808000,0,23000,0,0,2025-02-26,2025-02-26
TXN001932,CUST8050,PROJ-1006,B-0602,1377000,783000,594000,0,0,13,2024-02-21,2024-03-05
TXN001133,CUST7978,PROJ-1008,E-0612,1295000,1295000,0,0,0,27,2025-09-09,2025-10-06
TXN000994,CUST6054,PROJ-1001,D-1404,1349000,1349000,0,0,0,9,2025-09-20,2025-09-29
TXN001864,CUST4055,PROJ-1002,B-2801,510000,493000,0,17000,0,7,2024-09-02,2024-09-09
TXN001808,CUST3224,PROJ-1008,D-0408,1731000,1731000,0,0,0,27,2025-07-20,2025-08-16
TXN001882,CUST3003,PROJ-1007,C-1604,1707000,482000,1225000,0,0,22,2024-03-19,2024-04-10
TXN002419,CUST5213,PROJ-1007,C-0805,1852000,1236000,616000,0,0,4,2025-03-22,2025-03-26
TXN001783,CUST1605,PROJ-1001,A-0209,2162000,2162000,0,0,0,16,2024-08-27,2024-09-12
TXN000480,CUST6793,PROJ-1006,A-0505,478000,259000,219000,0,0,2,2025-02-02,2025-02-04
TXN000250,CUST9185,PROJ-1004,E-0309,489000,265000,224000,0,0,7,2025-01-09,2025-01-16
TXN001891,CUST9256,PROJ-1007,D-2001,1204000,1204000,0,0,0,30,2025-06-19,2025-07-19
TXN002509,CUST8807,PROJ-1006,A-1107,1034000,725000,70000,239000,0,23,2025-09-20,2025-10-13
TXN001004,CUST3315,PROJ-1002,D-2008,2188000,2188000,0,0,0,4,2025-02-25,2025-03-01
TXN001875,CUST7265,PROJ-1007,E-1208,1218000,504000,714000,0,30000,9,2025-03-23,2025-04-01
TXN000566,CUST4678,PROJ-1008,A-2601,875000,240000,635000,0,0,21,2025-11-12,2025-12-03
TXN002014,CUST3258,PROJ-1001,D-0312,1632000,0,1596000,36000,0,6,2024-01-07,
TXN001802,CUST5833,PROJ-1004,B-1702,1346000,602000,744000,0,0,21,2024-02-05,2024-02-26
TXN002322,CUST9069,PROJ-1002,B-2111,1226000,1226000,0,0,0,2,2024-04-06,2024-04-08
TXN001317,CUST1501,PROJ-1008,C-1202,1047000,0,1047000,0,0,18,2025-02-09,
TXN000293,CUST9773,PROJ-1007,D-1904,813000,776000,0,37000,0,15,2025-06-13,2025-06-28
TXN001969,CUST1315,PROJ-1001,D-0509,2384000,2384000,0,0,0,10,2025-10-18,2025-10-28
TXN000503,CUST2854,PROJ-1006,E-1612,374000,243000,131000,0,0,6,2024-10-13,2024-10-19
TXN000548,CUST4354,PROJ-1002,B-1104,1238000,895000,343000,0,0,3,2025-12-20,2025-12-23
TXN002054,CUST1060,PROJ-1004,E-2808,811000,191000,620000,0,0,6,2024-05-24,2024-05-30
TXN000416,CUST6253,PROJ-1004,A-0501,1046000,1046000,0,0,0,13,2025-03-24,2025-04-06
TXN002584,CUST1476,PROJ-1004,B-0707,1602000,1549000,0,53000,0,-21,2024-07-12,2024-06-21
TXN000221,CUST6890,PROJ-1001,E-2011,357000,357000,0,0,0,9,2025-10-24,2025-11-02
TXN001080,CUST1199,PROJ-1008,E-2904,981000,981000,0,0,0,7,2024-12-03,2024-12-10
TXN002073,CUST8679,PROJ-1002,E-1703,1617000,1581000,0,36000,0,6,2024-11-15,2024-11-21
TXN002336,CUST1183,PROJ-1005,B-1003,779000,779000,0,0,0,7,2025-09-23,2025-09-30
TXN000256,CUST6488,PROJ-1001,D-0909,438000,438000,0,0,0,7,2025-04-11,2025-04-18
TXN000203,CUST3937,PROJ-1007,A-3002,1312000,1312000,0,0,0,3,2024-12-28,2024-12-31
TXN002368,CUST6802,PROJ-1003,B-1512,1325000,1325000,0,0,0,6,2024-09-02,2024-09-08
TXN002231,CUST3307,PROJ-1005,B-1011,1313000,1313000,0,0,0,7,2025-11-05,2025-11-12
TXN001734,CUST9697,PROJ-1002,C-0909,1123000,789000,334000,0,0,0,2025-11-20,2025-11-20
TXN000672,CUST4152,PROJ-1002,E-1810,599000,599000,0,0,0,1,2024-01-20,2024-01-21
TXN000281,CUST3580,PROJ-1003,D-2611,1181000,1181000,0,0,0,14,2025-09-20,2025-10-04
TXN001796,CUST9229,PROJ-1002,A-0205,864000,280000,584000,0,0,22,2024-03-12,2024-04-03
TXN001409,CUST2204,PROJ-1003,B-1505,1154000,0,1154000,0,0,9,2025-12-13,
TXN002313,CUST5885,PROJ-1002,B-2111,496000,496000,0,0,0,30,2025-02-10,2025-03-12
TXN002158,CUST7637,PROJ-1006,C-0105,508000,508000,0,0,0,24,2025-10-31,2025-11-24
TXN001764,CUST1511,PROJ-1001,A-2104,890000,890000,0,0,0,4,2024-10-29,2024-11-02
TXN001982,CUST3528,PROJ-1007,E-3012,2150000,2150000,0,0,0,19,2025-05-03,2025-05-22
TXN000326,CUST3793,PROJ-1003,C-1208,1563000,484000,1079000,0,0,5,2025-02-14,2025-02-19
TXN001155,CUST2042,PROJ-1002,E-1412,804000,247000,557000,0,0,0,2024-07-04,2024-07-04
TXN000761,CUST6605,PROJ-1002,A-1904,1009000,1009000,0,0,0,11,2024-01-08,2024-01-19
TXN000941,CUST2409,PROJ-1004,E-0111,407000,402000,0,5000,10000,4,2024-03-14,2024-03-18
TXN002512,CUST3062,PROJ-1003,C-0910,635000,635000,0,-710000,0,14,2025-09-01,2025-09-15
TXN001400,CUST6569,PROJ-1001,A-1011,453000,453000,0,0,0,2,2024-12-29,2024-12-31
TXN000061,CUST4545,PROJ-1004,D-0912,2100000,793000,1307000,0,0,2,2025-01-04,2025-01-06
TXN001092,CUST7834,PROJ-1007,A-2507,514000,0,514000,0,0,0,2024-10-07,
TXN002587,CUST3710,PROJ-1006,B-1103,1869000,686000,1183000,0,853000,15,2024-09-11,2024-09-26
TXN002064,CUST9628,PROJ-1005,A-1006,543000,543000,0,0,0,7,2025-12-08,2025-12-15
TXN000254,CUST8428,PROJ-1002,E-2001,1498000,1498000,0,0,0,1,2025-12-25,2025-12-26
TXN000785,CUST4399,PROJ-1002,A-0610,606000,606000,0,0,0,8,2024-05-11,2024-05-19
TXN000141,CUST7955,PROJ-1002,A-1410,1172000,1172000,0,0,0,4,2024-10-29,2024-11-02
TXN001444,CUST7597,PROJ-1001,D-0807,1307000,1307000,0,0,32000,1,2024-05-27,2024-05-28
TXN000252,CUST7939,PROJ-1007,D-0311,2128000,2128000,0,0,0,24,2025-06-07,2025-07-01
TXN001030,CUST5469,PROJ-1004,B-0605,1531000,1531000,0,0,0,5,2025-01-07,2025-01-12
TXN001005,CUST3467,PROJ-1006,A-1112,2256000,1527000,729000,0,50000,7,2025-07-12,2025-07-19
TXN001353,CUST1275,PROJ-1002,D-0712,778000,267000,511000,0,0,0,2025-02-21,2025-02-21
TXN001601,CUST1581,PROJ-1002,C-1101,969000,969000,0,0,0,2,2025-12-02,2025-12-04
TXN001626,CUST1404,PROJ-1008,E-0501,620000,322000,285000,13000,0,2,2024-07-04,2024-07-06
TXN001935,CUST1899,PROJ-1007,D-1403,795000,0,795000,0,0,0,2024-01-11,
TXN000288,CUST6424,PROJ-1002,B-0707,2133000,2133000,0,0,0,5,2024-02-20,2024-02-25
TXN000623,CUST6198,PROJ-1002,E-1403,923000,923000,0,0,0,13,2024-10-14,2024-10-27
TXN001215,CUST8091,PROJ-1008,D-2803,1198000,1140000,0,58000,0,9,2025-05-03,2025-05-12
TXN000861,CUST8699,PROJ-1003,B-2104,1396000,0,1351000,45000,0,13,2025-01-05,
TXN000014,CUST2290,PROJ-1004,A-2408,579000,579000,0,0,0,2,2025-07-16,2025-07-18
TXN000878,CUST7265,PROJ-1002,A-2412,1076000,1076000,0,0,0,22,2025-10-30,2025-11-21
TXN000999,CUST2391,PROJ-1005,A-0309,521000,499000,0,22000,0,14,2025-08-25,2025-09-08
TXN000913,CUST8970,PROJ-1005,C-1208,485000,485000,0,0,0,18,2025-11-10,2025-11-28
TXN000435,CUST7090,PROJ-1006,D-2511,1366000,1366000,0,0,0,5,2024-08-07,2024-08-12
TXN001881,CUST6338,PROJ-1001,A-2702,1756000,0,1756000,0,0,16,2025-05-17,
TXN001539,CUST7563,PROJ-1002,C-2512,387000,192000,195000,0,0,1,2024-09-25,2024-09-26
TXN002502,CUST9194,PROJ-1006,A-2011,507000,282000,0,225000,0,29,2025-09-15,2025-10-14
TXN002318,CUST3101,PROJ-1003,E-0605,630000,630000,0,0,12000,14,2025-08-20,2025-09-03
TXN000627,CUST4479,PROJ-1005,E-0109,1379000,836000,543000,0,0,0,2024-12-02,2024-12-02
TXN000588,CUST9032,PROJ-1008,E-0909,1649000,0,1649000,0,0,13,2024-02-02,
TXN000778,CUST5626,PROJ-1005,B-2309,602000,411000,168000,23000,0,4,2025-12-27,2025-12-31
TXN001514,CUST5165,PROJ-1008,D-2907,1363000,1335000,0,28000,0,12,2024-05-21,2024-06-02
TXN002392,CUST6034,PROJ-1001,C-0108,1059000,1020000,0,39000,0,5,2025-02-21,2025-02-26
TXN000451,CUST4054,PROJ-1002,B-1708,2494000,2454000,0,40000,0,13,2025-02-06,2025-02-19
TXN001960,CUST1099,PROJ-1008,E-1405,1550000,1501000,0,49000,0,9,2025-12-13,2025-12-22
TXN001104,CUST3465,PROJ-1007,C-2804,2415000,773000,1642000,0,0,24,2025-08-11,2025-09-04
TXN001074,CUST8507,PROJ-1002,D-2504,1159000,718000,441000,0,0,3,2025-08-04,2025-08-07
TXN000324,CUST2475,PROJ-1003,E-0312,434000,0,434000,0,0,14,2024-09-27,
TXN000057,CUST9098,PROJ-1001,C-0608,972000,603000,369000,0,0,8,2024-10-09,2024-10-17
TXN000788,CUST9818,PROJ-1006,E-0712,323000,323000,0,0,0,27,2024-08-08,2024-09-04
TXN001813,CUST4811,PROJ-1003,A-2001,1272000,1272000,0,0,30000,12,2024-02-27,2024-03-10
TXN002401,CUST2447,PROJ-1006,C-1103,474000,0,474000,0,0,0,2025-10-19,
TXN001230,CUST9596,PROJ-1001,D-2107,1175000,1175000,0,0,0,14,2024-04-28,2024-05-12
TXN001690,CUST7326,PROJ-1001,C-1907,1391000,1391000,0,0,0,8,2025-10-12,2025-10-20
TXN001918,CUST8757,PROJ-1005,C-0511,2320000,2320000,0,0,0,12,2024-05-25,2024-06-06
TXN000746,CUST9836,PROJ-1004,A-3011,833000,833000,0,0,0,10,2025-03-28,2025-04-07
TXN002269,CUST5189,PROJ-1008,A-2407,2034000,2034000,0,0,0,3,2025-01-16,2025-01-19
TXN000658,CUST4232,PROJ-1007,C-0301,1701000,871000,830000,0,0,4,2025-07-07,2025-07-11
TXN000510,CUST1890,PROJ-1006,C-2502,388000,388000,0,0,0,3,2025-06-29,2025-07-02
TXN001913,CUST1118,PROJ-1003,E-0106,2129000,2129000,0,0,0,13,2024-10-02,2024-10-15
TXN000201,CUST1794,PROJ-1002,A-1403,671000,671000,0,0,12000,10,2025-09-24,2025-10-04
TXN002108,CUST3993,PROJ-1003,D-2208,1392000,1392000,0,0,0,0,2024-02-16,2024-02-16
TXN000404,CUST9821,PROJ-1004,B-2505,1141000,837000,304000,0,0,9,2025-01-25,2025-02-03
TXN000121,CUST6401,PROJ-1002,A-1811,798000,0,798000,0,0,4,2025-09-09,
TXN001870,CUST9562,PROJ-1008,A-1603,1128000,1128000,0,0,0,1,2025-03-01,2025-03-02
TXN001903,CUST1532,PROJ-1004,D-2506,864000,448000,398000,18000,0,12,2024-04-21,2024-05-03
TXN001947,CUST9277,PROJ-1008,E-0905,1079000,733000,305000,41000,0,20,2024-12-25,2025-01-14
TXN001065,CUST9727,PROJ-1001,C-2508,703000,0,703000,0,0,6,2025-02-24,
TXN002560,CUST8499,PROJ-1003,C-2208,1564000,1564000,545000,0,0,3,2024-08-15,2024-08-18
TXN001743,CUST2023,PROJ-1003,A-1507,2463000,1872000,591000,0,0,2,2024-08-20,2024-08-22
TXN001297,CUST3814,PROJ-1006,C-1701,2058000,2058000,0,0,0,2,2025-04-25,2025-04-27
TXN001724,CUST5992,PROJ-1001,E-2709,1033000,1033000,0,0,0,0,2025-04-20,2025-04-20
TXN000669,CUST6534,PROJ-1008,D-1612,1279000,1279000,0,0,0,11,2025-04-05,2025-04-16
TXN001231,CUST4725,PROJ-1005,B-0211,1051000,1006000,0,45000,0,13,2024-08-12,2024-08-25
TXN000367,CUST3193,PROJ-1005,D-1709,508000,0,508000,0,6000,5,2025-09-20,
TXN002290,CUST3878,PROJ-1003,B-0404,939000,939000,0,0,0,2,2025-04-22,2025-04-24
TXN000721,CUST9808,PROJ-1007,C-1110,598000,598000,0,0,0,8,2024-12-04,2024-12-12
TXN001165,CUST5629,PROJ-1004,C-0508,907000,907000,0,0,0,7,2024-03-25,2024-04-01
TXN001278,CUST5047,PROJ-1005,B-2011,992000,992000,0,0,0,7,2025-02-05,2025-02-12
TXN000465,CUST3930,PROJ-1001,D-1912,1077000,315000,741000,21000,0,1,2024-05-06,2024-05-07
TXN002175,CUST3633,PROJ-1007,E-2807,1082000,1082000,0,0,0,4,2024-07-03,2024-07-07
TXN000733,CUST8606,PROJ-1006,D-1502,588000,588000,0,0,0,15,2025-04-27,2025-05-12
TXN000847,CUST7233,PROJ-1007,B-0206,704000,704000,0,0,0,0,2024-12-09,2024-12-09
TXN001171,CUST7091,PROJ-1004,D-0203,858000,0,858000,0,0,18,2025-11-27,
TXN000354,CUST3742,PROJ-1002,E-1801,411000,187000,224000,0,0,2,2024-04-16,2024-04-18
TXN002279,CUST4666,PROJ-1004,D-2006,682000,682000,0,0,0,3,2024-05-25,2024-05-28
TXN000789,CUST6882,PROJ-1004,C-0512,1885000,0,1854000,31000,0,14,2025-02-13,
TXN002238,CUST7575,PROJ-1003,C-1810,874000,874000,0,0,0,23,2025-07-23,2025-08-15
TXN000532,CUST9570,PROJ-1005,D-1404,639000,639000,0,0,0,10,2024-03-31,2024-04-10
TXN000263,CUST6038,PROJ-1007,A-0709,1040000,0,1040000,0,0,8,2025-12-29,
TXN001153,CUST8058,PROJ-1008,B-1304,825000,825000,0,0,0,15,2025-08-06,2025-08-21
TXN000505,CUST1864,PROJ-1005,C-1801,976000,442000,534000,0,0,4,2024-10-28,2024-11-01
TXN002008,CUST2924,PROJ-1001,E-2310,584000,460000,124000,0,0,1,2024-08-15,2024-08-16
TXN000441,CUST1187,PROJ-1004,D-0205,1086000,1086000,0,0,0,3,2025-12-15,2025-12-18
TXN000377,CUST2127,PROJ-1008,B-1307,714000,483000,211000,20000,0,1,2025-09-12,2025-09-13
TXN000969,CUST1418,PROJ-1003,A-2004,1336000,839000,497000,0,0,5,2024-08-08,2024-08-13
TXN000270,CUST3141,PROJ-1004,B-2707,1520000,1520000,0,0,0,23,2024-09-22,2024-10-15
TXN001845,CUST3305,PROJ-1007,A-1706,1147000,0,1147000,0,0,7,2025-04-23,
TXN001313,CUST6349,PROJ-1006,E-0511,2091000,726000,1365000,0,0,6,2024-01-23,2024-01-29
TXN002065,CUST6273,PROJ-1001,D-2111,863000,863000,0,0,0,14,2025-10-05,2025-10-19
TXN001816,CUST4353,PROJ-1007,B-0606,560000,560000,0,0,0,3,2024-01-15,2024-01-18
TXN000024,CUST2122,PROJ-1003,E-0311,1023000,977000,0,46000,0,1,2025-09-26,2025-09-27
TXN002437,CUST1782,PROJ-1001,A-0406,1285000,1285000,0,0,0,3,2024-09-26,2024-09-29
TXN001770,CUST4574,PROJ-1006,A-0612,1118000,1100000,0,18000,0,24,2024-04-03,2024-04-27
TXN002501,CUST1802,PROJ-1007,A-2805,1267000,1267000,0,0,0,226,2025-05-12,2025-12-24
TXN001905,CUST4640,PROJ-1007,C-2101,1610000,1610000,0,0,0,12,2025-03-16,2025-03-28
TXN001574,CUST4474,PROJ-1001,B-0502,361000,355000,0,6000,0,7,2025-12-09,2025-12-16
TXN001272,CUST9145,PROJ-1005,A-1410,519000,514000,0,5000,0,0,2025-10-18,2025-10-18
TXN000031,CUST6862,PROJ-1001,B-2204,485000,485000,0,0,0,13,2025-09-27,2025-10-10
TXN001029,CUST6042,PROJ-1004,B-2412,926000,892000,0,34000,0,6,2024-11-19,2024-11-25
TXN001767,CUST3920,PROJ-1007,B-2803,304000,181000,123000,0,0,15,2025-03-26,2025-04-10
TXN001411,CUST8133,PROJ-1007,A-1712,361000,276000,85000,0,0,20,2024-07-16,2024-08-05
TXN000991,CUST7874,PROJ-1005,D-1104,621000,591000,0,30000,0,12,2025-02-11,2025-02-23
TXN000491,CUST8842,PROJ-1006,D-2803,1605000,1605000,0,0,0,15,2025-02-19,2025-03-06
TXN002391,CUST4221,PROJ-1002,B-0306,1180000,1180000,0,0,0,0,2024-08-16,2024-08-16
TXN002489,CUST3303,PROJ-1006,E-1002,1130000,248000,882000,0,314000,18,2025-01-26,2025-02-13
TXN002370,CUST6746,PROJ-1008,B-1002,466000,151000,315000,0,0,9,2025-09-28,2025-10-07
TXN000118,CUST8581,PROJ-1007,E-1812,536000,536000,0,0,0,6,2025-09-11,2025-09-17
TXN001766,CUST3700,PROJ-1006,C-0207,732000,698000,0,34000,0,1,2025-05-04,2025-05-05
TXN002180,CUST6879,PROJ-1005,B-3004,469000,469000,0,0,0,3,2025-01-31,2025-02-03
TXN002575,CUST6233,PROJ-1004,D-2003,364000,-439000,0,0,0,8,2025-08-24,2025-09-01
TXN000562,CUST8006,PROJ-1003,C-1306,449000,449000,0,0,0,1,2025-07-28,2025-07-29
TXN002116,CUST6417,PROJ-1003,D-2701,1174000,1174000,0,0,0,15,2025-03-14,2025-03-29
TXN002381,CUST5150,PROJ-1002,D-2412,1712000,336000,1332000,44000,0,9,2024-12-01,2024-12-10
TXN001834,CUST6219,PROJ-1007,C-1403,610000,355000,225000,30000,0,19,2024-05-31,2024-06-19
TXN000879,CUST4175,PROJ-1005,E-2704,1308000,1308000,0,0,0,10,2024-05-27,2024-06-06
TXN002598,CUST5151,PROJ-1008,A-1411,1114000,643000,471000,0,0,-20,2024-11-30,2024-11-10
TXN000088,CUST6061,PROJ-1001,D-0210,1568000,1496000,0,72000,0,1,2024-07-24,2024-07-25
TXN001063,CUST7571,PROJ-1003,E-1406,1038000,600000,438000,0,0,20,2025-11-11,2025-12-01
TXN001951,CUST7748,PROJ-1006,D-0206,419000,0,419000,0,0,16,2025-08-29,
TXN000924,CUST6803,PROJ-1008,D-1507,984000,954000,0,30000,0,9,2024-05-23,2024-06-01
TXN002016,CUST9698,PROJ-1003,A-2111,779000,779000,0,0,0,18,2024-01-12,2024-01-30
TXN001919,CUST2973,PROJ-1007,D-2604,302000,157000,145000,0,0,4,2024-10-02,2024-10-06
TXN000308,CUST5536,PROJ-1006,C-2112,998000,653000,306000,39000,0,5,2025-09-06,2025-09-11
TXN001039,CUST4283,PROJ-1003,B-1005,397000,397000,0,0,0,2,2024-09-07,2024-09-09
TXN002516,CUST8885,PROJ-1007,D-2602,1061000,714000,0,347000,10000,13,2024-06-16,2024-06-29
TXN002544,CUST9126,PROJ-1004,D-2108,1146000,841000,0,305000,0,3,2025-02-05,2025-02-08
TXN001344,CUST9099,PROJ-1004,E-2508,838000,838000,0,0,0,2,2025-04-08,2025-04-10
TXN001370,CUST1191,PROJ-1005,E-1402,1474000,1474000,0,0,0,24,2024-12-14,2025-01-07
TXN002136,CUST5677,PROJ-1002,D-2604,1625000,1625000,0,0,0,4,2025-10-19,2025-10-23
TXN002117,CUST5004,PROJ-1004,A-1205,806000,801000,0,5000,0,6,2025-05-29,2025-06-04
TXN001217,CUST9677,PROJ-1003,C-1112,1646000,1646000,0,0,0,0,2025-04-29,2025-04-29
TXN002273,CUST1074,PROJ-1008,E-2910,1056000,541000,468000,47000,0,16,2025-11-03,2025-11-19
TXN001154,CUST3363,PROJ-1007,E-2210,1705000,1650000,0,55000,0,14,2024-05-02,2024-05-16
TXN000453,CUST1482,PROJ-1007,E-0904,958000,958000,0,0,0,7,2025-01-26,2025-02-02
TXN001716,CUST7329,PROJ-1001,C-2109,1163000,560000,603000,0,0,4,2024-05-31,2024-06-04
TXN001861,CUST9957,PROJ-1004,E-0309,1086000,1086000,0,0,0,3,2024-11-10,2024-11-13
TXN000978,CUST8368,PROJ-1007,D-1008,792000,400000,392000,0,0,21,2024-06-04,2024-06-25
TXN002046,CUST2267,PROJ-1005,C-2012,1896000,380000,1443000,73000,0,9,2024-10-15,2024-10-24
TXN002478,CUST2311,PROJ-1004,D-2504,419000,570000,-151000,0,0,4,2025-04-07,2025-04-11
TXN000576,CUST4217,PROJ-1001,A-0211,2244000,2221000,0,23000,0,0,2025-11-14,2025-11-14
TXN001983,CUST9433,PROJ-1007,D-2308,1141000,1141000,0,0,0,1,2024-11-04,2024-11-05
TXN001103,CUST8439,PROJ-1006,E-2512,523000,227000,296000,0,0,3,2024-01-09,2024-01-12
TXN002506,CUST6075,PROJ-1002,B-1009,1367000,1738000,-371000,0,0,9,2024-12-20,2024-12-29
TXN000223,CUST7129,PROJ-1008,D-1511,2448000,2448000,0,0,0,4,2024-04-17,2024-04-21
TXN001443,CUST1375,PROJ-1008,D-2612,2142000,1706000,436000,0,0,6,2025-04-09,2025-04-15
TXN001447,CUST8482,PROJ-1007,E-0209,2120000,2120000,0,0,0,7,2025-09-15,2025-09-22
TXN000158,CUST9171,PROJ-1008,C-1601,506000,506000,0,0,0,0,2024-12-27,2024-12-27
TXN000526,CUST4817,PROJ-1003,A-0212,1113000,0,1113000,0,0,7,2024-02-16,
TXN002332,CUST4565,PROJ-1007,A-2004,547000,364000,183000,0,0,0,2025-09-28,2025-09-28
TXN001083,CUST9561,PROJ-1003,C-0204,856000,856000,0,0,0,20,2025-07-03,2025-07-23
TXN000890,CUST3003,PROJ-1006,A-1112,472000,472000,0,0,0,8,2024-08-26,2024-09-03
TXN000590,CUST6119,PROJ-1003,D-1602,2416000,2416000,0,0,0,6,2025-04-26,2025-05-02
TXN001310,CUST5962,PROJ-1001,A-0504,1097000,500000,597000,0,0,3,2025-08-04,2025-08-07
TXN000111,CUST3116,PROJ-1003,D-1812,1125000,1125000,0,0,0,18,2025-02-10,2025-02-28
TXN002415,CUST7540,PROJ-1001,C-1109,1103000,1103000,0,0,0,6,2025-08-11,2025-08-17
TXN001654,CUST5949,PROJ-1007,D-0602,614000,614000,0,0,0,14,2025-01-11,2025-01-25
TXN000986,CUST1628,PROJ-1006,D-0412,1666000,959000,707000,0,0,10,2025-10-11,2025-10-21
TXN000193,CUST9683,PROJ-1007,B-1304,1013000,1013000,0,0,0,1,2025-01-14,2025-01-15
TXN002149,CUST5740,PROJ-1002,A-0403,1963000,1963000,0,0,0,25,2025-05-11,2025-06-05
TXN001542,CUST3383,PROJ-1008,A-0902,784000,784000,0,0,0,17,2024-08-19,2024-09-05
TXN001745,CUST3900,PROJ-1007,D-1502,1055000,1055000,0,0,0,2,2024-03-17,2024-03-19
TXN002349,CUST5456,PROJ-1006,D-2711,430000,430000,0,0,0,4,2025-03-08,2025-03-12
TXN001179,CUST2136,PROJ-1008,B-2009,1384000,1343000,0,41000,0,5,2024-03-07,2024-03-12
TXN001367,CUST2574,PROJ-1006,D-1610,857000,857000,0,0,0,7,2024-09-03,2024-09-10
TXN000389,CUST5661,PROJ-1002,E-3010,1164000,1164000,0,0,0,6,2024-07-18,2024-07-24
TXN000593,CUST7749,PROJ-1006,C-0211,860000,860000,0,0,0,0,2025-12-05,2025-12-05
TXN001434,CUST5317,PROJ-1002,A-1309,1551000,1530000,0,21000,0,27,2024-05-15,2024-06-11
TXN001160,CUST3978,PROJ-1008,E-0706,381000,238000,143000,0,0,7,2024-06-30,2024-07-07
TXN000541,CUST4546,PROJ-1008,E-1608,815000,815000,0,0,0,6,2024-12-01,2024-12-07
TXN000661,CUST5881,PROJ-1008,E-2401,855000,0,855000,0,0,20,2025-08-02,
TXN001354,CUST4072,PROJ-1005,D-1804,525000,525000,0,0,0,4,2025-06-24,2025-06-28
TXN000570,CUST9419,PROJ-1002,B-2511,699000,699000,0,0,0,15,2024-11-19,2024-12-04
TXN000052,CUST3749,PROJ-1006,E-2012,386000,386000,0,0,0,8,2024-11-15,2024-11-23
TXN001693,CUST9593,PROJ-1005,E-2809,1703000,1703000,0,0,0,6,2025-11-04,2025-11-10
TXN000539,CUST6503,PROJ-1004,B-0212,1125000,1125000,0,0,0,2,2025-03-04,2025-03-06
TXN000633,CUST7922,PROJ-1002,C-2003,1161000,1161000,0,0,0,11,2025-04-19,2025-04-30
TXN000167,CUST3262,PROJ-1001,E-0709,1494000,0,1494000,0,0,17,2025-04-15,
TXN002341,CUST6096,PROJ-1006,B-1006,329000,329000,0,0,0,11,2024-03-18,2024-03-29
TXN001145,CUST9729,PROJ-1006,C-1303,609000,414000,195000,0,0,8,2025-09-20,2025-09-28
TXN001248,CUST9884,PROJ-1008,D-1207,433000,433000,0,0,0,6,2025-04-22,2025-04-28
TXN000880,CUST2817,PROJ-1002,D-3010,356000,350000,0,6000,0,23,2025-01-05,2025-01-28
TXN000607,CUST3363,PROJ-1004,A-0604,1261000,1261000,0,0,0,5,2025-06-30,2025-07-05
TXN000297,CUST5687,PROJ-1002,E-2906,777000,777000,0,0,0,2,2024-02-08,2024-02-10
TXN000095,CUST2627,PROJ-1006,C-1811,863000,863000,0,0,0,1,2025-04-10,2025-04-11
TXN001885,CUST8578,PROJ-1007,D-0501,868000,415000,453000,0,9000,5,2025-01-05,2025-01-10
TXN000230,CUST3999,PROJ-1002,C-2303,1815000,1815000,0,0,0,7,2024-07-09,2024-07-16
TXN001570,CUST9645,PROJ-1007,E-2503,1128000,1128000,0,0,0,1,2025-12-20,2025-12-21
TXN001124,CUST6030,PROJ-1006,D-1409,565000,286000,279000,0,0,17,2024-05-25,2024-06-11
TXN002261,CUST7495,PROJ-1006,C-2602,2118000,815000,1303000,0,0,0,2025-03-14,2025-03-14
TXN001681,CUST1297,PROJ-1003,C-0607,616000,589000,0,27000,0,1,2025-11-08,2025-11-09
TXN001810,CUST4367,PROJ-1008,E-1608,1337000,1337000,0,0,0,6,2025-05-01,2025-05-07
TXN002541,CUST8898,PROJ-1008,B-0111,704000,979000,-275000,0,0,14,2025-08-29,2025-09-12
TXN000089,CUST9697,PROJ-1006,E-3005,869000,0,869000,0,0,10,2024-10-29,
TXN000635,CUST3093,PROJ-1003,C-2704,1897000,1897000,0,0,0,7,2024-02-16,2024-02-23
TXN002596,CUST9376,PROJ-1003,D-0803,321000,321000,0,0,-291000,1,2024-07-26,2024-07-27
TXN001741,CUST4222,PROJ-1006,B-1806,1170000,1170000,0,0,0,0,2025-10-08,2025-10-08
TXN002045,CUST8957,PROJ-1006,E-0702,1456000,1456000,0,0,0,13,2025-05-11,2025-05-24
TXN000155,CUST5873,PROJ-1007,D-0312,383000,383000,0,0,0,2,2025-09-13,2025-09-15
TXN002025,CUST1071,PROJ-1004,A-1504,522000,522000,0,0,0,7,2024-12-21,2024-12-28
TXN000787,CUST5068,PROJ-1001,C-0209,1491000,1491000,0,0,0,7,2024-11-16,2024-11-23
TXN000119,CUST2013,PROJ-1003,D-0406,565000,449000,116000,0,0,7,2025-06-20,2025-06-27
TXN001603,CUST7645,PROJ-1001,C-1807,525000,525000,0,0,0,21,2024-09-14,2024-10-05
TXN000840,CUST1281,PROJ-1004,C-1808,716000,485000,216000,15000,0,6,2024-10-28,2024-11-03
TXN001644,CUST2449,PROJ-1002,C-0505,1031000,788000,243000,0,0,12,2025-07-22,2025-08-03
TXN001958,CUST8775,PROJ-1001,B-2610,1372000,1372000,0,0,0,30,2025-11-20,2025-12-20
TXN000506,CUST5981,PROJ-1001,E-0901,1106000,631000,467000,8000,0,7,2024-10-20,2024-10-27
TXN001731,CUST9427,PROJ-1005,A-2111,1712000,1108000,580000,24000,0,0,2024-02-11,2024-02-11
TXN000090,CUST8673,PROJ-1002,A-0504,1387000,289000,1098000,0,0,1,2025-07-03,2025-07-04
TXN001324,CUST6877,PROJ-1008,E-1005,938000,0,938000,0,0,10,2024-11-12,
TXN000560,CUST6347,PROJ-1002,A-2011,1152000,1152000,0,0,0,1,2024-01-24,2024-01-25
TXN000438,CUST8542,PROJ-1001,C-0503,1185000,1185000,0,0,0,1,2024-11-03,2024-11-04
TXN000473,CUST2999,PROJ-1003,C-1109,1050000,1050000,0,0,0,13,2025-08-08,2025-08-21
TXN001525,CUST3401,PROJ-1008,A-0308,582000,582000,0,0,0,7,2025-11-08,2025-11-15
TXN000181,CUST9806,PROJ-1008,B-2504,1172000,1172000,0,0,0,1,2025-07-31,2025-08-01
TXN001587,CUST6918,PROJ-1008,C-1706,541000,541000,0,0,0,7,2024-05-21,2024-05-28
TXN000443,CUST9980,PROJ-1001,D-0902,1026000,501000,525000,0,0,7,2024-07-21,2024-07-28
TXN002235,CUST4215,PROJ-1006,D-2004,733000,254000,479000,0,0,12,2025-09-30,2025-10-12
TXN001546,CUST6755,PROJ-1001,A-0308,522000,273000,249000,0,0,15,2025-07-22,2025-08-06
TXN001759,CUST4628,PROJ-1002,A-1809,2165000,2165000,0,0,0,4,2025-05-09,2025-05-13
TXN001775,CUST3312,PROJ-1006,C-1509,918000,918000,0,0,0,4,2025-08-17,2025-08-21
TXN002233,CUST6732,PROJ-1007,D-1308,810000,784000,0,26000,0,2,2024-08-28,2024-08-30
TXN000207,CUST5593,PROJ-1002,E-1911,394000,0,394000,0,0,4,2025-08-24,
TXN000071,CUST9056,PROJ-1007,A-1606,849000,849000,0,0,0,12,2025-02-25,2025-03-09
TXN001033,CUST9471,PROJ-1002,B-1603,1115000,826000,289000,0,0,12,2024-11-26,2024-12-08
TXN001536,CUST1673,PROJ-1004,D-0505,1003000,953000,0,50000,0,6,2024-03-10,2024-03-16
TXN000728,CUST8539,PROJ-1008,D-1901,451000,451000,0,0,0,14,2025-12-29,2026-01-12
TXN001478,CUST8727,PROJ-1003,D-1712,539000,532000,0,7000,0,13,2024-09-23,2024-10-06
TXN002540,CUST3401,PROJ-1004,A-2401,966000,966000,0,0,-788000,3,2024-08-07,2024-08-10
TXN001229,CUST9565,PROJ-1002,B-2304,489000,489000,0,0,0,7,2024-03-12,2024-03-19
TXN001638,CUST7811,PROJ-1002,A-1605,1138000,0,1084000,54000,0,3,2024-08-11,
TXN002140,CUST4615,PROJ-1006,E-0401,504000,494000,0,10000,0,14,2025-02-14,2025-02-28
TXN000748,CUST6103,PROJ-1008,B-2404,1045000,1028000,0,17000,0,2,2025-10-12,2025-10-14
TXN002095,CUST9807,PROJ-1005,B-1907,525000,525000,0,0,0,17,2025-01-28,2025-02-14
TXN000759,CUST4244,PROJ-1003,D-0609,536000,536000,0,0,0,15,2024-07-06,2024-07-21
TXN001760,CUST8761,PROJ-1004,C-2712,590000,590000,0,0,0,24,2024-06-01,2024-06-25
TXN002592,CUST9023,PROJ-1006,D-2504,1335000,1335000,0,0,0,170,2025-05-15,2025-11-01
TXN000418,CUST6410,PROJ-1001,A-2703,440000,440000,0,0,0,21,2024-07-15,2024-08-05
TXN000234,CUST9898,PROJ-1005,C-1801,1073000,635000,438000,0,0,4,2024-09-10,2024-09-14
TXN000179,CUST5285,PROJ-1001,C-2304,362000,273000,89000,0,0,14,2025-12-21,2026-01-04
TXN001991,CUST7591,PROJ-1006,E-0501,548000,0,548000,0,0,19,2025-04-04,
TXN002340,CUST5669,PROJ-1001,A-1008,1002000,1002000,0,0,0,6,2024-07-16,2024-07-22
TXN001290,CUST8695,PROJ-1007,A-2210,668000,668000,0,0,0,5,2024-12-19,2024-12-24
TXN000620,CUST7513,PROJ-1006,B-2307,1272000,1272000,0,0,0,4,2024-02-23,2024-02-27
TXN002514,CUST9050,PROJ-1005,C-1410,306000,306000,0,0,0,-7,2025-09-17,2025-09-10
TXN001339,CUST6070,PROJ-1005,E-2309,340000,69000,271000,0,0,0,2024-09-02,2024-09-02
TXN000485,CUST6114,PROJ-1001,B-1104,900000,900000,0,0,0,3,2024-04-30,2024-05-03
TXN001972,CUST7902,PROJ-1003,B-2205,1082000,1082000,0,0,0,2,2025-10-28,2025-10-30
TXN001047,CUST2899,PROJ-1005,E-2608,1782000,1395000,387000,0,0,14,2024-04-24,2024-05-08
TXN000518,CUST9056,PROJ-1002,B-2007,1116000,1083000,0,33000,0,23,2024-04-18,2024-05-11
TXN002565,CUST9500,PROJ-1007,E-0909,1342000,1030000,0,312000,0,0,2024-04-19,2024-04-19
TXN000579,CUST2616,PROJ-1001,B-3009,884000,234000,650000,0,0,29,2024-12-29,2025-01-27
TXN001740,CUST2816,PROJ-1004,E-0101,1053000,1053000,0,0,23000,0,2024-01-03,2024-01-03
TXN002450,CUST4176,PROJ-1002,E-0102,999000,973000,0,26000,0,4,2025-10-12,2025-10-16
TXN001645,CUST3478,PROJ-1005,A-2209,2334000,1796000,538000,0,0,26,2025-08-31,2025-09-26
TXN000980,CUST5673,PROJ-1007,C-1306,750000,327000,387000,36000,0,8,2024-10-11,2024-10-19
TXN001379,CUST5842,PROJ-1007,D-2509,595000,441000,154000,0,0,13,2024-08-23,2024-09-05
TXN002466,CUST2365,PROJ-1002,D-0206,621000,336000,285000,0,0,12,2025-08-01,2025-08-13
TXN002022,CUST3570,PROJ-1007,B-2011,957000,396000,530000,31000,0,28,2024-08-28,2024-09-25
TXN002557,CUST6600,PROJ-1001,A-2312,764000,459000,305000,0,0,99,2024-11-13,2025-02-20
TXN001697,CUST2634,PROJ-1005,B-0602,599000,599000,0,0,0,14,2025-05-05,2025-05-19
TXN001368,CUST4728,PROJ-1008,D-1801,354000,354000,0,0,0,2,2024-02-14,2024-02-16
TXN000185,CUST3948,PROJ-1007,B-2511,893000,664000,229000,0,0,1,2025-01-19,2025-01-20
TXN002270,CUST2074,PROJ-1006,C-1311,1076000,1076000,0,0,0,2,2025-06-10,2025-06-12
TXN000046,CUST7381,PROJ-1007,E-2301,1798000,1798000,0,0,0,18,2025-02-03,2025-02-21
TXN000594,CUST2875,PROJ-1005,C-0601,1684000,1626000,0,58000,0,3,2025-03-07,2025-03-10
TXN002375,CUST9231,PROJ-1006,B-2408,1221000,1221000,0,0,0,6,2025-04-04,2025-04-10
TXN001320,CUST1034,PROJ-1001,D-0601,906000,631000,275000,0,0,11,2024-12-31,2025-01-11
TXN000411,CUST9576,PROJ-1007,E-1006,1066000,1066000,0,0,0,3,2025-02-26,2025-03-01
TXN000355,CUST2181,PROJ-1007,B-0108,840000,834000,0,6000,0,15,2025-08-11,2025-08-26
TXN000020,CUST2235,PROJ-1004,D-2609,327000,327000,0,0,0,24,2024-04-05,2024-04-29
TXN000586,CUST9017,PROJ-1005,D-0811,631000,490000,136000,5000,0,9,2025-01-26,2025-02-04
TXN001413,CUST2637,PROJ-1004,B-2504,1741000,1741000,0,0,0,2,2025-07-17,2025-07-19
TXN000346,CUST4892,PROJ-1007,E-2612,1527000,1527000,0,0,0,4,2025-12-02,2025-12-06
TXN001832,CUST7613,PROJ-1001,E-2412,1423000,996000,427000,0,0,29,2024-11-29,2024-12-28
TXN001792,CUST2726,PROJ-1003,D-1510,494000,494000,0,0,0,8,2025-03-09,2025-03-17
TXN000496,CUST3444,PROJ-1003,D-1805,1145000,447000,698000,0,0,15,2025-08-06,2025-08-21
TXN000743,CUST1347,PROJ-1004,E-2502,1048000,1048000,0,0,0,1,2024-03-02,2024-03-03
TXN000387,CUST4190,PROJ-1005,A-2610,2082000,866000,1216000,0,0,0,2025-11-01,2025-11-01
TXN001635,CUST9159,PROJ-1008,C-2803,428000,281000,147000,0,0,1,2025-05-30,2025-05-31
TXN000615,CUST7447,PROJ-1003,D-2710,622000,358000,264000,0,0,28,2024-04-01,2024-04-29
TXN000290,CUST3798,PROJ-1004,C-0308,462000,166000,296000,0,0,7,2025-10-19,2025-10-26
TXN002217,CUST4128,PROJ-1006,E-2111,444000,444000,0,0,0,5,2024-11-23,2024-11-28
TXN001119,CUST3157,PROJ-1005,C-1406,636000,430000,206000,0,0,0,2024-07-05,2024-07-05
TXN000415,CUST9715,PROJ-1005,C-1404,396000,392000,0,4000,0,10,2025-12-18,2025-12-28
TXN000949,CUST4214,PROJ-1001,E-2007,590000,590000,0,0,0,6,2024-05-08,2024-05-14
TXN001480,CUST7265,PROJ-1008,E-0812,506000,0,484000,22000,0,15,2025-10-22,
TXN000790,CUST5164,PROJ-1002,D-2303,1427000,433000,940000,54000,0,8,2025-01-16,2025-01-24
TXN001785,CUST7387,PROJ-1005,C-2409,1624000,924000,700000,0,0,8,2025-04-13,2025-04-21
TXN000278,CUST3328,PROJ-1006,E-0708,1648000,1637000,0,11000,0,7,2024-01-21,2024-01-28
TXN000083,CUST3950,PROJ-1007,B-0602,1802000,0,1802000,0,0,7,2024-05-26,
TXN000419,CUST7251,PROJ-1005,A-0412,1003000,221000,782000,0,0,13,2025-04-16,2025-04-29
TXN000123,CUST6072,PROJ-1002,E-1311,1653000,0,1592000,61000,0,2,2025-06-23,
TXN000306,CUST5511,PROJ-1005,D-2907,1281000,890000,391000,0,0,8,2025-02-10,2025-02-18
TXN002511,CUST1155,PROJ-1005,E-0307,1306000,1306000,357000,0,0,5,2024-06-20,2024-06-25
TXN001807,CUST9341,PROJ-1005,D-2505,1591000,1112000,479000,0,0,7,2024-12-02,2024-12-09
TXN002192,CUST6261,PROJ-1002,D-1801,1194000,1149000,0,45000,0,11,2024-03-11,2024-03-22
TXN001754,CUST8936,PROJ-1007,A-1801,2248000,2248000,0,0,0,5,2025-07-26,2025-07-31
TXN000767,CUST2645,PROJ-1008,D-1010,750000,472000,278000,0,0,1,2024-02-02,2024-02-03
TXN001429,CUST2913,PROJ-1001,D-1704,343000,343000,0,0,0,0,2024-01-27,2024-01-27
TXN000190,CUST4881,PROJ-1006,C-2903,1464000,1464000,0,0,0,20,2025-08-28,2025-09-17
TXN000379,CUST9553,PROJ-1007,D-1201,1900000,815000,1085000,0,0,15,2025-08-26,2025-09-10
TXN001833,CUST9852,PROJ-1005,C-1707,1271000,1271000,0,0,0,8,2024-08-17,2024-08-25
TXN000198,CUST3390,PROJ-1004,A-0909,2215000,2215000,0,0,0,5,2024-08-23,2024-08-28
TXN002265,CUST7578,PROJ-1001,E-1203,770000,770000,0,0,0,10,2024-05-01,2024-05-11
TXN000808,CUST9012,PROJ-1007,E-1611,941000,941000,0,0,0,1,2025-02-02,2025-02-03
TXN002159,CUST4645,PROJ-1002,A-2707,2360000,2360000,0,0,0,14,2024-02-11,2024-02-25
TXN001577,CUST6231,PROJ-1005,B-2102,2070000,2070000,0,0,0,10,2025-07-17,2025-07-27
TXN001026,CUST5368,PROJ-1003,A-0608,444000,444000,0,0,0,13,2025-10-12,2025-10-25
TXN001085,CUST8041,PROJ-1001,A-2408,1078000,1078000,0,0,0,7,2024-10-04,2024-10-11
TXN000929,CUST2879,PROJ-1004,A-0103,1254000,1254000,0,0,0,16,2024-01-26,2024-02-11
TXN002312,CUST9097,PROJ-1003,D-0712,601000,601000,0,0,0,6,2025-04-13,2025-04-19
TXN000294,CUST2970,PROJ-1003,D-0603,802000,783000,0,19000,0,2,2025-10-04,2025-10-06
TXN001867,CUST2620,PROJ-1008,E-2708,1870000,1313000,485000,72000,0,14,2024-06-08,2024-06-22
TXN001842,CUST4918,PROJ-1006,C-1407,534000,534000,0,0,0,4,2024-09-13,2024-09-17
TXN001190,CUST8973,PROJ-1003,C-2010,2317000,583000,1734000,0,0,24,2024-01-09,2024-02-02
TXN000329,CUST8914,PROJ-1003,D-0407,548000,529000,0,19000,15000,12,2025-08-13,2025-08-25
TXN000707,CUST8474,PROJ-1005,B-1206,1153000,838000,315000,0,0,1,2024-03-07,2024-03-08
TXN000460,CUST4323,PROJ-1004,B-0303,1147000,1147000,0,0,0,6,2024-09-09,2024-09-15
TXN001934,CUST1766,PROJ-1001,D-0109,1084000,1084000,0,0,0,1,2025-02-13,2025-02-14
TXN001343,CUST7377,PROJ-1006,D-0409,723000,699000,0,24000,0,0,2025-12-15,2025-12-15
TXN001789,CUST5303,PROJ-1005,C-2602,1633000,483000,1150000,0,0,29,2025-02-04,2025-03-05
TXN001987,CUST4344,PROJ-1001,E-2610,837000,809000,0,28000,0,9,2025-08-28,2025-09-06
TXN000616,CUST5289,PROJ-1004,B-0207,1899000,0,1899000,0,0,18,2024-06-23,
TXN002495,CUST7427,PROJ-1008,C-1002,509000,396000,0,113000,0,0,2025-06-02,2025-06-02
TXN000908,CUST7421,PROJ-1007,D-0404,1319000,1319000,0,0,0,12,2024-10-21,2024-11-02
TXN000170,CUST9899,PROJ-1002,D-2907,1611000,1611000,0,0,0,5,2024-03-21,2024-03-26
TXN001583,CUST3610,PROJ-1007,D-2008,577000,577000,0,0,0,8,2025-10-12,2025-10-20
TXN001943,CUST9782,PROJ-1005,C-2404,1383000,1383000,0,0,0,11,2024-10-14,2024-10-25
TXN002372,CUST6626,PROJ-1005,B-1706,883000,0,883000,0,0,4,2025-11-24,
TXN000664,CUST2279,PROJ-1008,C-2209,1117000,615000,502000,0,0,6,2025-10-13,2025-10-19
TXN002024,CUST7653,PROJ-1007,A-0504,1639000,1639000,0,0,0,5,2024-03-13,2024-03-18
TXN000053,CUST7498,PROJ-1007,B-0310,707000,483000,224000,0,0,14,2025-08-02,2025-08-16
TXN002285,CUST8792,PROJ-1006,C-1412,1046000,227000,819000,0,0,7,2024-09-20,2024-09-27
TXN000760,CUST5249,PROJ-1004,D-1511,1229000,1229000,0,0,0,1,2025-01-21,2025-01-22
TXN000703,CUST9125,PROJ-1001,B-3001,841000,841000,0,0,0,15,2024-12-05,2024-12-20
TXN002324,CUST2452,PROJ-1002,E-2704,2446000,568000,1878000,0,0,29,2025-06-27,2025-07-26
TXN002013,CUST8961,PROJ-1007,D-1403,689000,689000,0,0,0,5,2024-01-03,2024-01-08
TXN000724,CUST5650,PROJ-1007,B-0805,1147000,1147000,0,0,0,18,2024-11-30,2024-12-18
TXN000606,CUST9133,PROJ-1005,A-0810,464000,464000,0,0,0,25,2024-08-29,2024-09-23
TXN001305,CUST8100,PROJ-1007,A-2005,1661000,0,1661000,0,0,2,2025-05-05,
TXN001923,CUST5167,PROJ-1004,C-2309,395000,395000,0,0,0,7,2025-07-09,2025-07-16
TXN002126,CUST3905,PROJ-1006,E-1604,1224000,977000,247000,0,0,5,2025-02-17,2025-02-22
TXN001149,CUST6972,PROJ-1006,B-1109,881000,698000,183000,0,0,15,2024-09-09,2024-09-24
TXN001778,CUST9404,PROJ-1001,D-1709,1184000,1136000,0,48000,0,4,2024-01-10,2024-01-14
TXN000653,CUST6592,PROJ-1008,C-1703,439000,439000,0,0,0,3,2025-11-11,2025-11-14
TXN001695,CUST4972,PROJ-1004,C-0910,799000,286000,513000,0,0,14,2025-06-22,2025-07-06
TXN002199,CUST7354,PROJ-1001,C-0612,912000,662000,250000,0,0,0,2025-01-12,2025-01-12
TXN002071,CUST9988,PROJ-1006,D-2310,974000,974000,0,0,0,3,2025-06-12,2025-06-15
TXN001616,CUST3400,PROJ-1006,A-1207,317000,302000,0,15000,0,0,2025-10-21,2025-10-21
TXN002157,CUST9271,PROJ-1006,C-2903,1070000,1070000,0,0,0,1,2025-02-17,2025-02-18
TXN001465,CUST4513,PROJ-1006,D-1612,1204000,274000,930000,0,0,3,2025-09-27,2025-09-30
TXN001826,CUST5998,PROJ-1005,D-2608,994000,994000,0,0,0,10,2025-10-18,2025-10-28
TXN000044,CUST9540,PROJ-1005,D-2104,1261000,1238000,0,23000,0,1,2025-07-07,2025-07-08
TXN002222,CUST2075,PROJ-1007,D-2801,1707000,1624000,0,83000,0,5,2024-09-18,2024-09-23
TXN000827,CUST8109,PROJ-1004,C-0508,560000,175000,385000,0,0,26,2025-05-17,2025-06-12
TXN002553,CUST1680,PROJ-1006,B-0302,1066000,1066000,352000,0,0,15,2025-08-24,2025-09-08
TXN002518,CUST7661,PROJ-1008,A-2811,1116000,429000,530000,31000,0,11,2024-09-23,2024-10-04
TXN002369,CUST7879,PROJ-1008,E-1605,439000,439000,0,0,12000,1,2024-12-29,2024-12-30
TXN000937,CUST6309,PROJ-1003,E-1906,2295000,2295000,0,0,0,3,2024-06-11,2024-06-14
TXN002184,CUST4529,PROJ-1001,A-2704,1329000,921000,408000,0,0,2,2024-01-08,2024-01-10
TXN001263,CUST1387,PROJ-1003,D-1606,522000,522000,0,0,0,1,2025-07-10,2025-07-11
TXN000750,CUST8002,PROJ-1007,A-2505,2127000,2047000,0,80000,0,4,2025-04-09,2025-04-13
TXN000240,CUST6362,PROJ-1008,E-0112,540000,366000,174000,0,0,3,2025-02-11,2025-02-14
TXN002037,CUST8917,PROJ-1001,C-2706,472000,472000,0,0,0,0,2025-02-02,2025-02-02
TXN001108,CUST4254,PROJ-1007,B-2507,1261000,340000,905000,16000,0,1,2024-08-02,2024-08-03
TXN000079,CUST7325,PROJ-1007,B-1601,1127000,1127000,0,0,0,1,2025-03-26,2025-03-27
TXN002252,CUST9146,PROJ-1007,B-2008,2057000,2057000,0,0,0,13,2024-05-07,2024-05-20
TXN001573,CUST3473,PROJ-1002,A-2111,2049000,637000,1317000,95000,0,7,2024-06-25,2024-07-02
TXN000657,CUST5583,PROJ-1001,E-2003,968000,553000,415000,0,0,12,2025-03-28,2025-04-09
TXN001835,CUST6387,PROJ-1006,A-2904,602000,598000,0,4000,0,13,2024-10-25,2024-11-07
TXN001126,CUST9697,PROJ-1004,B-1203,387000,387000,0,0,0,7,2024-06-04,2024-06-11
TXN001735,CUST3910,PROJ-1007,E-3009,964000,494000,470000,0,0,10,2025-02-01,2025-02-11
TXN001662,CUST8197,PROJ-1003,E-0301,1141000,1141000,0,0,0,24,2024-01-26,2024-02-19
TXN001551,CUST8382,PROJ-1001,C-2506,802000,802000,0,0,0,3,2024-05-13,2024-05-16
TXN002581,CUST1839,PROJ-1007,E-2807,634000,634000,147000,0,0,11,2024-09-27,2024-10-08
TXN001202,CUST2753,PROJ-1003,B-0303,868000,171000,661000,36000,0,13,2024-01-14,2024-01-27
TXN001307,CUST1395,PROJ-1006,D-1306,1965000,1965000,0,0,0,8,2025-06-13,2025-06-21
TXN000770,CUST3224,PROJ-1002,E-2112,595000,595000,0,0,0,14,2025-08-12,2025-08-26
TXN001415,CUST1081,PROJ-1005,E-1504,1113000,0,1113000,0,0,4,2025-06-25,
TXN002194,CUST4250,PROJ-1003,D-0409,1414000,855000,497000,62000,0,7,2025-10-24,2025-10-31
TXN001034,CUST1129,PROJ-1006,B-1408,1153000,0,1153000,0,0,5,2024-11-09,
TXN002004,CUST4908,PROJ-1001,E-1209,1837000,0,1837000,0,0,14,2024-01-22,
TXN000241,CUST4470,PROJ-1007,D-0906,1154000,777000,377000,0,0,14,2025-11-29,2025-12-13
TXN001226,CUST2765,PROJ-1006,C-1505,1075000,1075000,0,0,0,1,2024-01-18,2024-01-19
TXN002579,CUST2362,PROJ-1001,C-1402,574000,349000,0,225000,0,28,2024-09-15,2024-10-13
TXN000502,CUST9161,PROJ-1001,B-2309,1231000,1231000,0,0,0,8,2024-02-08,2024-02-16
TXN000462,CUST5025,PROJ-1001,E-1807,592000,0,592000,0,0,9,2024-07-13,
TXN000097,CUST6383,PROJ-1004,B-2610,445000,445000,0,0,0,15,2024-09-13,2024-09-28
TXN002561,CUST9605,PROJ-1005,D-0110,859000,-711000,0,0,0,4,2025-09-21,2025-09-25
TXN000175,CUST1613,PROJ-1005,A-1010,1225000,1225000,0,0,0,7,2025-10-18,2025-10-25
TXN002187,CUST6578,PROJ-1003,D-2312,1534000,1534000,0,0,0,4,2025-09-06,2025-09-10
TXN000423,CUST2497,PROJ-1008,E-1111,331000,331000,0,0,0,1,2024-04-19,2024-04-20
TXN000662,CUST6739,PROJ-1004,C-1011,2410000,2357000,0,53000,0,8,2025-06-12,2025-06-20
TXN001137,CUST2555,PROJ-1002,A-2504,1408000,1408000,0,0,0,12,2025-02-07,2025-02-19
TXN000050,CUST8705,PROJ-1002,A-2409,483000,0,483000,0,0,0,2024-02-11,
TXN001838,CUST4302,PROJ-1008,D-2410,2210000,2210000,0,0,0,0,2025-02-01,2025-02-01
TXN001888,CUST5252,PROJ-1006,D-2209,655000,655000,0,0,0,30,2024-11-03,2024-12-03
TXN000066,CUST5335,PROJ-1004,A-0604,1179000,1173000,0,6000,0,0,2024-10-25,2024-10-25
TXN002049,CUST5120,PROJ-1004,A-0112,396000,298000,98000,0,0,1,2024-06-16,2024-06-17
TXN000864,CUST4253,PROJ-1003,C-1408,1062000,438000,624000,0,0,8,2025-12-10,2025-12-18
TXN001326,CUST5628,PROJ-1002,C-2306,1502000,1502000,0,0,0,11,2025-10-21,2025-11-01
TXN000572,CUST2678,PROJ-1003,B-0509,798000,616000,182000,0,0,12,2025-06-28,2025-07-10
TXN000641,CUST4961,PROJ-1003,D-2711,1400000,1345000,0,55000,0,2,2024-04-29,2024-05-01
TXN000537,CUST4769,PROJ-1006,A-1104,424000,424000,0,0,0,1,2024-08-13,2024-08-14
TXN000490,CUST5227,PROJ-1003,C-1303,1627000,1627000,0,0,0,6,2024-03-07,2024-03-13
TXN001933,CUST4598,PROJ-1002,B-1204,2299000,2271000,0,28000,0,3,2025-08-29,2025-09-01
TXN000867,CUST2596,PROJ-1008,A-0712,1041000,1041000,0,0,0,5,2024-08-09,2024-08-14
TXN001937,CUST7723,PROJ-1004,A-0111,1543000,1543000,0,0,0,25,2024-05-20,2024-06-14
TXN001922,CUST3288,PROJ-1008,C-1510,993000,993000,0,0,0,7,2024-04-05,2024-04-12
TXN002072,CUST4153,PROJ-1008,A-1307,824000,348000,476000,0,0,24,2025-06-26,2025-07-20
TXN000953,CUST8843,PROJ-1007,A-2202,431000,297000,134000,0,0,6,2024-08-13,2024-08-19
TXN001629,CUST8598,PROJ-1006,D-0612,500000,500000,0,0,0,23,2024-12-13,2025-01-05
TXN001410,CUST9514,PROJ-1003,E-1412,492000,492000,0,0,0,25,2025-05-19,2025-06-13
TXN000677,CUST4925,PROJ-1004,E-1904,1033000,1033000,0,0,0,4,2024-03-03,2024-03-07
TXN001115,CUST3591,PROJ-1003,A-0106,697000,0,697000,0,0,13,2025-04-20,
TXN001666,CUST8940,PROJ-1003,B-1203,1445000,474000,971000,0,0,2,2024-08-28,2024-08-30
TXN000334,CUST2489,PROJ-1001,E-2011,1733000,1335000,398000,0,0,15,2025-01-07,2025-01-22
TXN002144,CUST1408,PROJ-1002,A-2805,641000,470000,152000,19000,0,23,2025-02-17,2025-03-12
TXN000366,CUST1600,PROJ-1004,E-0909,1990000,1990000,0,0,0,13,2025-08-26,2025-09-08
TXN000384,CUST2642,PROJ-1003,B-1707,1640000,486000,1154000,0,0,0,2025-10-13,2025-10-13
TXN000425,CUST5107,PROJ-1003,A-1612,1086000,1086000,0,0,0,7,2024-07-10,2024-07-17
TXN000468,CUST6071,PROJ-1005,D-1011,723000,723000,0,0,0,0,2024-09-16,2024-09-16
TXN002142,CUST4360,PROJ-1008,C-1802,848000,215000,633000,0,0,27,2024-03-04,2024-03-31
TXN000884,CUST2880,PROJ-1006,B-0106,830000,800000,0,30000,0,26,2024-07-23,2024-08-18
TXN000542,CUST3440,PROJ-1004,E-2901,546000,532000,0,14000,0,5,2025-06-27,2025-07-02
TXN001055,CUST5275,PROJ-1004,C-2009,1511000,1511000,0,0,0,14,2024-08-08,2024-08-22
TXN002457,CUST4518,PROJ-1006,B-1211,1094000,1094000,0,0,0,7,2025-12-05,2025-12-12
TXN002507,CUST2148,PROJ-1004,B-1011,1985000,999000,986000,0,0,-16,2025-03-20,2025-03-04
TXN000021,CUST3724,PROJ-1004,D-1608,1021000,1021000,0,0,0,3,2025-02-03,2025-02-06
TXN000779,CUST3253,PROJ-1003,D-2308,1741000,352000,1363000,26000,0,1,2025-08-12,2025-08-13
TXN001700,CUST1894,PROJ-1004,A-0512,912000,903000,0,9000,0,19,2025-02-06,2025-02-25
TXN001683,CUST4532,PROJ-1008,A-0607,1007000,0,1007000,0,0,4,2024-07-08,
TXN002555,CUST6166,PROJ-1003,D-2211,1300000,1506000,-206000,0,0,11,2025-07-19,2025-07-30
TXN002399,CUST9065,PROJ-1006,B-2503,2316000,2316000,0,0,0,0,2024-02-01,2024-02-01
TXN001753,CUST8291,PROJ-1001,C-2108,1032000,1032000,0,0,0,8,2025-03-24,2025-04-01
TXN000819,CUST7851,PROJ-1004,E-2305,1728000,1290000,438000,0,0,7,2024-03-10,2024-03-17
TXN002011,CUST1114,PROJ-1008,D-1605,1546000,1042000,504000,0,0,11,2025-06-28,2025-07-09
TXN002282,CUST6606,PROJ-1005,A-0911,543000,299000,244000,0,0,1,2024-11-27,2024-11-28
TXN001552,CUST5228,PROJ-1006,D-2907,793000,793000,0,0,0,5,2024-04-21,2024-04-26
TXN000737,CUST7908,PROJ-1001,A-0106,666000,465000,201000,0,0,12,2024-06-20,2024-07-02
TXN001504,CUST8065,PROJ-1002,D-2810,516000,516000,0,0,0,26,2025-10-27,2025-11-22
TXN001101,CUST2099,PROJ-1006,A-1902,1236000,312000,924000,0,0,9,2025-04-24,2025-05-03
TXN001653,CUST9323,PROJ-1005,A-2706,1018000,0,1018000,0,0,12,2025-08-12,
TXN000977,CUST4955,PROJ-1007,C-0406,1420000,347000,1073000,0,0,26,2024-12-29,2025-01-24
TXN001910,CUST3570,PROJ-1003,C-0704,782000,772000,0,10000,0,22,2025-01-18,2025-02-09
TXN001961,CUST2427,PROJ-1004,B-1105,2452000,2409000,0,43000,0,6,2025-03-04,2025-03-10
TXN000214,CUST4977,PROJ-1002,E-1703,678000,665000,0,13000,0,4,2025-03-21,2025-03-25
TXN001962,CUST3943,PROJ-1007,A-2006,1921000,0,1921000,0,0,5,2025-06-27,
TXN000080,CUST1251,PROJ-1008,B-1411,678000,678000,0,0,0,5,2025-12-10,2025-12-15
TXN001537,CUST2461,PROJ-1002,C-0304,430000,430000,0,0,0,30,2024-06-16,2024-07-16
TXN000922,CUST6283,PROJ-1007,E-0511,862000,836000,0,26000,0,24,2025-08-03,2025-08-27
TXN001849,CUST3093,PROJ-1002,E-0809,1081000,0,1071000,10000,0,4,2024-07-24,
TXN000457,CUST8258,PROJ-1005,C-0504,369000,369000,0,0,0,9,2024-09-30,2024-10-09
TXN001892,CUST3889,PROJ-1004,A-2306,1615000,1237000,378000,0,40000,14,2025-09-10,2025-09-24
TXN001068,CUST8500,PROJ-1003,C-2404,1095000,1095000,0,0,0,0,2024-10-27,2024-10-27
TXN001627,CUST2621,PROJ-1003,E-2411,671000,344000,327000,0,0,12,2025-05-15,2025-05-27
TXN000595,CUST1364,PROJ-1008,C-1310,838000,838000,0,0,0,2,2025-11-22,2025-11-24
TXN002068,CUST1669,PROJ-1003,B-0410,1197000,1197000,0,0,0,9,2025-01-06,2025-01-15
TXN001280,CUST5174,PROJ-1004,D-1509,1581000,1581000,0,0,0,10,2025-03-13,2025-03-23
TXN001384,CUST1490,PROJ-1006,A-2501,313000,313000,0,0,0,13,2024-06-17,2024-06-30
TXN000313,CUST7768,PROJ-1005,A-2803,810000,642000,168000,0,0,4,2024-05-26,2024-05-30
TXN000086,CUST1359,PROJ-1005,D-0901,2438000,0,2438000,0,0,9,2025-05-23,
TXN001271,CUST7402,PROJ-1006,D-2004,1103000,648000,455000,0,0,2,2025-10-12,2025-10-14
TXN001805,CUST5246,PROJ-1005,C-1502,2214000,2214000,0,0,0,8,2024-01-23,2024-01-31
TXN000640,CUST7471,PROJ-1006,C-0303,615000,192000,423000,0,0,3,2024-01-28,2024-01-31
TXN000047,CUST9818,PROJ-1007,E-2610,1112000,1112000,0,0,0,11,2024-12-10,2024-12-21
TXN000918,CUST9571,PROJ-1003,C-2009,918000,918000,0,0,0,0,2025-04-09,2025-04-09
TXN000706,CUST1352,PROJ-1004,B-2705,311000,227000,84000,0,0,25,2024-12-12,2025-01-06
TXN001128,CUST1005,PROJ-1005,A-0912,2401000,2401000,0,0,0,0,2024-03-09,2024-03-09
TXN002087,CUST4647,PROJ-1008,E-0912,1076000,1053000,0,23000,0,4,2024-03-19,2024-03-23
TXN002260,CUST3044,PROJ-1005,D-0407,1306000,1306000,0,0,0,9,2024-05-22,2024-05-31
TXN001335,CUST1036,PROJ-1007,D-0202,1361000,1361000,0,0,0,19,2025-05-28,2025-06-16
TXN000947,CUST6666,PROJ-1001,A-1410,1169000,1169000,0,0,0,1,2024-02-12,2024-02-13
TXN000258,CUST5006,PROJ-1001,A-1606,657000,393000,232000,32000,0,6,2025-11-02,2025-11-08
TXN000125,CUST2657,PROJ-1005,E-2509,1079000,1079000,0,0,0,5,2025-09-03,2025-09-08
TXN000448,CUST9991,PROJ-1005,D-2012,619000,619000,0,0,0,2,2024-09-18,2024-09-20
TXN002523,CUST1354,PROJ-1005,E-1806,1081000,812000,0,269000,0,5,2024-03-15,2024-03-20
TXN001809,CUST2731,PROJ-1002,D-2705,406000,406000,0,0,0,22,2025-06-19,2025-07-11
TXN000731,CUST7041,PROJ-1002,A-2502,1684000,1684000,0,0,0,6,2024-02-15,2024-02-21
TXN001087,CUST8209,PROJ-1005,A-2503,507000,507000,0,0,0,2,2024-06-16,2024-06-18
TXN000696,CUST1897,PROJ-1008,C-2011,569000,249000,316000,4000,0,13,2025-09-24,2025-10-07
TXN001486,CUST3956,PROJ-1002,D-2010,503000,503000,0,0,0,4,2024-02-26,2024-03-01
TXN001512,CUST1406,PROJ-1004,A-1907,966000,966000,0,0,0,12,2025-03-12,2025-03-24
TXN001765,CUST3154,PROJ-1005,E-2001,1007000,1007000,0,0,0,15,2025-02-14,2025-03-01
TXN000115,CUST4871,PROJ-1003,A-0505,782000,240000,542000,0,0,7,2025-10-05,2025-10-12
TXN002524,CUST6351,PROJ-1003,A-2701,1243000,275000,909000,59000,346000,27,2025-08-24,2025-09-20
TXN001024,CUST6148,PROJ-1001,A-2809,1694000,1694000,0,0,0,17,2025-11-19,2025-12-06
TXN001843,CUST7626,PROJ-1005,D-1503,350000,237000,109000,4000,0,14,2025-12-24,2026-01-07
TXN000265,CUST2226,PROJ-1007,E-1901,1195000,1195000,0,0,0,24,2024-11-18,2024-12-12
TXN000396,CUST7081,PROJ-1008,E-1108,1576000,0,1576000,0,0,12,2024-10-13,
TXN000356,CUST7678,PROJ-1005,D-1511,954000,954000,0,0,0,10,2024-01-07,2024-01-17
TXN000871,CUST2435,PROJ-1002,A-0311,516000,496000,0,20000,0,6,2025-10-10,2025-10-16
TXN000701,CUST1939,PROJ-1003,B-1709,521000,167000,354000,0,0,4,2024-03-11,2024-03-15
TXN002366,CUST8282,PROJ-1007,E-1112,567000,0,567000,0,0,15,2025-09-11,
TXN000984,CUST5832,PROJ-1008,A-2312,533000,533000,0,0,0,30,2024-05-20,2024-06-19
TXN000755,CUST5166,PROJ-1003,B-2010,613000,607000,0,6000,0,8,2025-12-24,2026-01-01
TXN001387,CUST9847,PROJ-1003,D-1008,1161000,251000,861000,49000,0,6,2025-01-23,2025-01-29
TXN000545,CUST7641,PROJ-1003,B-2606,1238000,1238000,0,0,0,4,2025-12-08,2025-12-12
TXN000455,CUST3262,PROJ-1004,C-2312,1284000,762000,522000,0,0,23,2025-08-01,2025-08-24
TXN000467,CUST1719,PROJ-1007,B-3006,2383000,2383000,0,0,0,0,2025-12-30,2025-12-30
TXN001452,CUST5503,PROJ-1008,D-2502,1133000,1133000,0,0,0,7,2025-09-17,2025-09-24
TXN001487,CUST9634,PROJ-1008,D-2402,1114000,1114000,0,0,0,26,2025-07-25,2025-08-20
TXN000833,CUST7314,PROJ-1007,B-1211,1037000,652000,385000,0,0,7,2024-04-25,2024-05-02
TXN002533,CUST7678,PROJ-1002,E-1612,1739000,1666000,0,-708000,0,0,2025-09-02,2025-09-02
TXN001375,CUST4345,PROJ-1002,C-2105,661000,661000,0,0,0,0,2025-01-22,2025-01-22
TXN002191,CUST6570,PROJ-1007,A-1203,1180000,1180000,0,0,0,2,2025-08-12,2025-08-14
TXN002477,CUST7614,PROJ-1008,D-1511,1399000,1368000,0,31000,-759000,17,2025-11-02,2025-11-19
TXN001853,CUST9057,PROJ-1005,B-0904,1385000,0,1385000,0,0,5,2025-07-01,
TXN001150,CUST2583,PROJ-1003,E-2308,1657000,1587000,0,70000,0,10,2025-12-19,2025-12-29
TXN001342,CUST2039,PROJ-1002,B-0506,1147000,1147000,0,0,0,5,2025-10-08,2025-10-13
TXN000990,CUST8947,PROJ-1005,D-2611,1127000,1127000,0,0,0,27,2024-04-25,2024-05-22
TXN002111,CUST5521,PROJ-1006,D-2412,496000,143000,353000,0,0,1,2024-04-05,2024-04-06
TXN000013,CUST9837,PROJ-1003,E-3001,1680000,1680000,0,0,0,3,2024-11-10,2024-11-13
TXN002225,CUST9837,PROJ-1006,C-3007,1075000,1075000,0,0,0,0,2024-07-26,2024-07-26
TXN001646,CUST7677,PROJ-1002,B-2104,1752000,1752000,0,0,0,5,2025-11-30,2025-12-05
TXN000060,CUST5438,PROJ-1008,C-0904,401000,0,401000,0,0,5,2025-12-07,
TXN001435,CUST6863,PROJ-1006,B-0706,614000,614000,0,0,0,17,2024-07-28,2024-08-14
TXN002589,CUST9186,PROJ-1006,D-0306,1537000,-555000,1178000,0,0,23,2025-10-17,2025-11-09
TXN001084,CUST6224,PROJ-1001,A-0708,532000,525000,0,7000,0,4,2025-05-13,2025-05-17
TXN000295,CUST6238,PROJ-1005,A-0307,1833000,1833000,0,0,0,14,2024-01-13,2024-01-27
TXN001858,CUST5454,PROJ-1006,B-1001,1561000,1561000,0,0,0,26,2024-06-05,2024-07-01
TXN002193,CUST8839,PROJ-1007,E-2208,503000,503000,0,0,0,3,2024-12-09,2024-12-12
TXN000693,CUST7943,PROJ-1004,A-3004,772000,167000,605000,0,0,15,2025-03-18,2025-04-02
TXN001516,CUST2908,PROJ-1002,A-1510,1199000,1199000,0,0,0,3,2025-11-01,2025-11-04
TXN000876,CUST3846,PROJ-1007,D-2906,1332000,669000,663000,0,0,8,2025-10-08,2025-10-16
TXN002315,CUST1357,PROJ-1008,B-1309,1485000,1098000,361000,26000,0,5,2024-08-21,2024-08-26
TXN000798,CUST2256,PROJ-1002,B-0303,1120000,227000,873000,20000,0,11,2025-03-10,2025-03-21
TXN001117,CUST2579,PROJ-1006,D-1612,1412000,1372000,0,40000,0,1,2025-11-06,2025-11-07
TXN000985,CUST6795,PROJ-1002,A-2404,472000,279000,184000,9000,0,12,2024-03-16,2024-03-28
TXN002236,CUST1348,PROJ-1008,C-2305,1204000,1204000,0,0,0,14,2025-05-19,2025-06-02
TXN000260,CUST4656,PROJ-1003,E-0207,544000,544000,0,0,0,8,2024-03-29,2024-04-06
TXN001511,CUST6441,PROJ-1004,A-0205,1356000,1356000,0,0,0,2,2025-02-14,2025-02-16
TXN002286,CUST7426,PROJ-1008,B-0110,1124000,1124000,0,0,0,3,2025-03-17,2025-03-20
TXN001362,CUST8362,PROJ-1004,B-2305,910000,910000,0,0,0,0,2024-05-16,2024-05-16
TXN002546,CUST9056,PROJ-1001,C-0408,2188000,0,1886000,0,0,12,2025-02-27,
TXN000886,CUST7436,PROJ-1005,A-1910,974000,974000,0,0,0,6,2025-04-01,2025-04-07
TXN000426,CUST8674,PROJ-1006,C-2810,1336000,1320000,0,16000,0,6,2025-01-10,2025-01-16
TXN000035,CUST2889,PROJ-1001,C-0610,840000,819000,0,21000,0,29,2025-09-12,2025-10-11
TXN000327,CUST5453,PROJ-1008,D-2308,1180000,1180000,0,0,0,29,2024-03-01,2024-03-30
TXN001402,CUST9919,PROJ-1002,A-2004,696000,696000,0,0,0,10,2025-02-18,2025-02-28
TXN001334,CUST4759,PROJ-1001,E-0907,804000,0,804000,0,0,7,2025-04-05,
TXN000187,CUST9715,PROJ-1007,D-2704,1083000,0,1083000,0,0,1,2024-04-25,
TXN000943,CUST2161,PROJ-1007,E-0303,1625000,1580000,0,45000,0,3,2024-01-24,2024-01-27
TXN002130,CUST5093,PROJ-1006,B-1004,1018000,1018000,0,0,0,1,2025-05-01,2025-05-02
TXN001361,CUST3305,PROJ-1005,C-0903,1306000,1253000,0,53000,0,4,2024-12-22,2024-12-26
TXN001890,CUST6542,PROJ-1004,B-2409,999000,999000,0,0,0,21,2024-08-11,2024-09-01
TXN000344,CUST1209,PROJ-1007,E-0401,652000,511000,136000,5000,0,3,2025-11-30,2025-12-03
TXN002328,CUST7899,PROJ-1006,B-2210,2150000,2150000,0,0,0,30,2024-10-12,2024-11-11
TXN000163,CUST3662,PROJ-1006,D-2012,1423000,1423000,0,0,0,8,2025-12-26,2026-01-03
TXN001464,CUST6967,PROJ-1002,B-1305,471000,151000,320000,0,0,13,2024-08-09,2024-08-22
TXN000092,CUST2035,PROJ-1004,D-3012,1481000,0,1481000,0,0,15,2024-11-07,
TXN000316,CUST1230,PROJ-1006,C-2509,619000,619000,0,0,0,20,2025-12-11,2025-12-31
TXN001490,CUST6723,PROJ-1008,B-2312,1500000,655000,845000,0,0,15,2024-03-03,2024-03-18
TXN000074,CUST8178,PROJ-1005,D-0401,1502000,1502000,0,0,0,1,2025-02-21,2025-02-22
TXN000920,CUST9224,PROJ-1005,E-0502,950000,950000,0,0,0,4,2024-03-23,2024-03-27
TXN001468,CUST6421,PROJ-1003,E-2607,561000,561000,0,0,0,14,2025-03-01,2025-03-15
TXN001091,CUST8732,PROJ-1005,C-1203,1150000,1150000,0,0,0,6,2024-11-11,2024-11-17
TXN000321,CUST1152,PROJ-1004,C-1411,573000,573000,0,0,0,7,2024-04-17,2024-04-24
TXN001028,CUST3990,PROJ-1002,A-0606,2314000,765000,1549000,0,0,6,2025-01-18,2025-01-24
TXN001495,CUST4395,PROJ-1002,B-0411,930000,930000,0,0,0,14,2025-09-12,2025-09-26
TXN001797,CUST4369,PROJ-1008,D-2507,1061000,1023000,0,38000,0,3,2025-08-04,2025-08-07
TXN000636,CUST7766,PROJ-1007,A-1511,1531000,321000,1210000,0,0,6,2025-11-08,2025-11-14
TXN001078,CUST9574,PROJ-1006,C-1308,1151000,1151000,0,0,0,26,2025-11-15,2025-12-11
TXN001241,CUST5873,PROJ-1001,A-2902,949000,646000,303000,0,0,1,2024-07-28,2024-07-29
TXN001207,CUST4730,PROJ-1006,B-1311,1622000,1622000,0,0,0,3,2025-03-12,2025-03-15
TXN000799,CUST8858,PROJ-1003,D-1711,2464000,501000,1949000,14000,0,12,2025-03-11,2025-03-23
TXN001678,CUST8758,PROJ-1004,C-1302,1566000,1566000,0,0,0,8,2024-09-14,2024-09-22
TXN001442,CUST7979,PROJ-1004,B-2809,721000,282000,439000,0,0,4,2024-01-30,2024-02-03
TXN001438,CUST3763,PROJ-1001,E-1101,1015000,466000,549000,0,0,30,2024-10-18,2024-11-17
TXN000085,CUST7951,PROJ-1005,C-1505,1003000,1003000,0,0,0,8,2025-01-02,2025-01-10
TXN002224,CUST5625,PROJ-1003,B-1307,699000,699000,0,0,0,0,2025-07-26,2025-07-26
TXN001378,CUST8357,PROJ-1004,D-0610,793000,0,793000,0,0,6,2024-01-21,
TXN000781,CUST8107,PROJ-1006,B-2112,757000,576000,169000,12000,0,13,2025-10-30,2025-11-12
TXN001107,CUST8203,PROJ-1003,A-2707,533000,533000,0,0,0,6,2024-02-20,2024-02-26
TXN001072,CUST1979,PROJ-1008,C-2607,491000,228000,263000,0,0,1,2024-05-07,2024-05-08
TXN001584,CUST9669,PROJ-1008,D-2610,491000,471000,0,20000,0,8,2024-03-20,2024-03-28
TXN002434,CUST8887,PROJ-1001,A-1206,1561000,910000,651000,0,0,3,2024-11-09,2024-11-12
TXN000156,CUST6658,PROJ-1006,D-0506,2178000,2143000,0,35000,0,1,2024-05-24,2024-05-25
TXN000286,CUST2207,PROJ-1008,A-1001,1074000,1074000,0,0,0,2,2025-01-19,2025-01-21
TXN000694,CUST5102,PROJ-1006,B-0408,957000,957000,0,0,0,26,2024-08-30,2024-09-25
TXN001422,CUST3539,PROJ-1008,D-2102,1301000,396000,905000,0,0,4,2024-08-09,2024-08-13
TXN001884,CUST1747,PROJ-1007,E-1503,1002000,694000,290000,18000,0,14,2025-01-13,2025-01-27
TXN001129,CUST3298,PROJ-1007,B-1603,1010000,1010000,0,0,0,3,2024-07-17,2024-07-20
TXN002299,CUST8415,PROJ-1007,D-0204,443000,425000,0,18000,0,12,2025-12-02,2025-12-14
TXN000339,CUST9689,PROJ-1001,A-1807,2013000,0,2013000,0,0,18,2025-12-09,
TXN002268,CUST9107,PROJ-1006,A-2611,1120000,1120000,0,0,0,11,2025-02-21,2025-03-04
TXN001071,CUST2152,PROJ-1007,D-0912,1254000,0,1254000,0,0,14,2024-01-25,
TXN000164,CUST1272,PROJ-1008,C-1111,518000,317000,201000,0,0,9,2024-01-28,2024-02-06
TXN001579,CUST3988,PROJ-1007,A-1205,1799000,718000,1081000,0,0,0,2025-12-06,2025-12-06
TXN000668,CUST5644,PROJ-1005,B-0612,502000,492000,0,10000,0,4,2025-08-09,2025-08-13
TXN002153,CUST7365,PROJ-1003,A-1409,1654000,1654000,0,0,0,7,2025-11-02,2025-11-09
TXN000725,CUST7407,PROJ-1007,B-0403,1877000,0,1877000,0,0,4,2024-07-30,
TXN002582,CUST5014,PROJ-1008,D-2806,1560000,-196000,0,0,0,14,2024-03-14,2024-03-28
TXN001547,CUST7901,PROJ-1004,C-0807,705000,705000,0,0,0,5,2024-02-27,2024-03-03
TXN001967,CUST1696,PROJ-1005,D-2901,633000,633000,0,0,0,6,2024-03-08,2024-03-14
TXN002170,CUST7594,PROJ-1004,E-1901,1654000,1654000,0,0,0,14,2025-05-19,2025-06-02
TXN000679,CUST5990,PROJ-1003,E-1408,562000,562000,0,0,0,14,2024-06-21,2024-07-05
TXN001046,CUST3635,PROJ-1001,C-0510,1805000,819000,986000,0,39000,4,2024-02-25,2024-02-29
TXN001276,CUST4922,PROJ-1006,E-0706,1001000,1001000,0,0,0,9,2024-09-27,2024-10-06
TXN000711,CUST6272,PROJ-1003,C-1712,1250000,1250000,0,0,0,24,2025-10-15,2025-11-08
TXN000612,CUST3627,PROJ-1002,C-1702,1241000,586000,655000,0,0,14,2024-01-29,2024-02-12
TXN002086,CUST2640,PROJ-1004,C-1106,467000,467000,0,0,0,1,2025-10-21,2025-10-22
TXN002382,CUST2689,PROJ-1005,A-3012,837000,837000,0,0,0,30,2024-12-31,2025-01-30
TXN000853,CUST8331,PROJ-1006,B-1105,1454000,966000,488000,0,0,3,2025-01-31,2025-02-03
TXN002078,CUST6249,PROJ-1002,D-2001,2219000,2219000,0,0,0,10,2025-12-30,2026-01-09
TXN002564,CUST4700,PROJ-1006,D-0207,822000,802000,0,20000,0,233,2025-09-05,2026-04-26
TXN001560,CUST1772,PROJ-1005,A-2207,1120000,1120000,0,0,0,19,2024-05-29,2024-06-17
TXN001000,CUST6114,PROJ-1004,C-1409,458000,458000,0,0,0,8,2025-11-02,2025-11-10
TXN001142,CUST2481,PROJ-1002,D-1110,1171000,1171000,0,0,0,7,2025-12-25,2026-01-01
TXN000381,CUST9561,PROJ-1001,A-1701,1186000,1186000,0,0,0,2,2024-04-19,2024-04-21
TXN002389,CUST2684,PROJ-1003,E-2906,1972000,456000,1516000,0,0,13,2025-08-24,2025-09-06
TXN002229,CUST3734,PROJ-1004,D-2608,978000,978000,0,0,0,4,2025-05-28,2025-06-01
TXN000030,CUST1158,PROJ-1007,A-0312,1172000,1147000,0,25000,0,4,2024-02-12,2024-02-16
TXN001114,CUST1423,PROJ-1001,C-0108,376000,376000,0,0,0,12,2025-09-04,2025-09-16
TXN001607,CUST6070,PROJ-1008,A-2210,422000,320000,98000,4000,0,9,2024-04-07,2024-04-16
TXN001615,CUST4627,PROJ-1002,C-2910,1365000,473000,892000,0,0,11,2025-01-17,2025-01-28
TXN001282,CUST2760,PROJ-1005,E-1805,701000,701000,0,0,0,8,2025-11-07,2025-11-15
TXN000267,CUST6145,PROJ-1008,D-0409,1608000,1608000,0,0,0,1,2024-05-02,2024-05-03
TXN000216,CUST6443,PROJ-1007,E-1306,851000,474000,377000,0,0,4,2024-11-03,2024-11-07
TXN000129,CUST2680,PROJ-1006,E-2802,888000,0,888000,0,0,13,2024-05-30,
TXN000386,CUST9536,PROJ-1007,C-2310,392000,392000,0,0,0,24,2025-11-03,2025-11-27
TXN000857,CUST8222,PROJ-1003,C-1710,1192000,925000,239000,28000,0,9,2024-02-13,2024-02-22
TXN000722,CUST7247,PROJ-1007,B-1302,1810000,1810000,0,0,0,10,2025-04-07,2025-04-17
TXN000936,CUST2117,PROJ-1007,D-1308,2382000,2382000,0,0,0,7,2025-11-05,2025-11-12
TXN001686,CUST3976,PROJ-1006,B-0403,383000,187000,193000,3000,0,3,2025-01-22,2025-01-25
TXN001744,CUST9218,PROJ-1004,E-2907,825000,415000,410000,0,0,1,2025-10-12,2025-10-13
TXN000332,CUST6253,PROJ-1008,B-1105,566000,566000,0,0,0,1,2024-08-28,2024-08-29
TXN001750,CUST9150,PROJ-1006,B-2411,379000,263000,116000,0,0,5,2025-06-30,2025-07-05
TXN001430,CUST7147,PROJ-1002,E-0210,884000,347000,537000,0,0,5,2025-04-09,2025-04-14
TXN000848,CUST3666,PROJ-1005,E-0402,612000,612000,0,0,0,24,2025-10-15,2025-11-08
TXN001100,CUST9392,PROJ-1001,C-0110,534000,534000,0,0,0,7,2025-07-05,2025-07-12
TXN000139,CUST5150,PROJ-1008,A-2511,900000,359000,541000,0,0,15,2024-05-07,2024-05-22
TXN001008,CUST9113,PROJ-1007,B-2109,647000,647000,0,0,0,1,2024-10-30,2024-10-31
TXN002057,CUST5499,PROJ-1007,A-0101,1049000,719000,330000,0,0,4,2024-05-15,2024-05-19
TXN000361,CUST9992,PROJ-1001,D-2109,452000,452000,0,0,0,7,2025-08-17,2025-08-24
TXN001383,CUST9486,PROJ-1002,B-2008,521000,205000,316000,0,0,11,2024-06-17,2024-06-28
TXN001883,CUST6398,PROJ-1008,A-0504,1780000,1780000,0,0,0,3,2025-01-05,2025-01-08
TXN002463,CUST7180,PROJ-1008,B-2410,803000,192000,611000,0,0,2,2025-03-02,2025-03-04
TXN001993,CUST1110,PROJ-1005,C-0805,770000,760000,0,10000,0,6,2024-07-17,2024-07-23
TXN000509,CUST3525,PROJ-1003,D-2507,750000,750000,0,0,0,13,2025-08-14,2025-08-27
TXN000495,CUST7208,PROJ-1002,C-1611,347000,347000,0,0,0,15,2025-10-13,2025-10-28
TXN002132,CUST5036,PROJ-1007,E-0107,506000,506000,0,0,0,10,2025-08-27,2025-09-06
TXN002525,CUST5479,PROJ-1001,B-0511,1792000,1792000,543000,0,0,2,2025-09-27,2025-09-29
TXN000921,CUST8752,PROJ-1001,C-0811,943000,709000,234000,0,0,4,2025-09-03,2025-09-07
TXN000268,CUST1660,PROJ-1005,B-2706,696000,696000,0,0,0,11,2024-02-20,2024-03-02
TXN000269,CUST3848,PROJ-1005,A-1308,2154000,611000,1543000,0,0,0,2024-01-13,2024-01-13
TXN002255,CUST1402,PROJ-1006,A-2411,1314000,0,1314000,0,0,18,2024-06-25,
TXN000776,CUST9110,PROJ-1004,C-2307,475000,0,457000,18000,0,1,2024-08-18,
TXN002164,CUST2891,PROJ-1002,B-1211,465000,0,465000,0,0,5,2024-05-29,
TXN000476,CUST2936,PROJ-1001,A-1511,409000,409000,0,0,0,5,2024-12-07,2024-12-12
TXN000648,CUST1770,PROJ-1004,A-1205,1510000,1446000,0,64000,0,4,2024-03-06,2024-03-10
TXN000062,CUST9751,PROJ-1001,B-0901,590000,384000,206000,0,0,19,2024-04-15,2024-05-04
TXN001521,CUST4822,PROJ-1004,B-2506,692000,692000,0,0,0,9,2025-08-28,2025-09-06
TXN002138,CUST1185,PROJ-1005,B-1310,1330000,411000,919000,0,0,12,2025-02-27,2025-03-11
TXN001257,CUST6751,PROJ-1007,D-0107,556000,556000,0,0,0,1,2024-04-04,2024-04-05
TXN000687,CUST5967,PROJ-1002,B-0808,839000,273000,566000,0,0,29,2024-07-19,2024-08-17
TXN001590,CUST5364,PROJ-1006,B-0409,1514000,593000,921000,0,0,1,2025-06-01,2025-06-02
TXN001691,CUST3250,PROJ-1006,E-2307,937000,937000,0,0,0,2,2024-01-09,2024-01-11
TXN001817,CUST3824,PROJ-1004,D-0402,2304000,2273000,0,31000,0,5,2025-12-05,2025-12-10
TXN002017,CUST2937,PROJ-1001,B-0212,630000,623000,0,7000,0,2,2025-12-06,2025-12-08
TXN000128,CUST7256,PROJ-1005,E-1707,809000,809000,0,0,0,6,2025-10-18,2025-10-24
TXN000492,CUST6339,PROJ-1002,E-2102,1359000,1359000,0,0,0,7,2024-09-06,2024-09-13
TXN001437,CUST9122,PROJ-1008,E-1906,627000,331000,296000,0,0,3,2024-11-10,2024-11-13
TXN000271,CUST1357,PROJ-1002,A-0711,1349000,1287000,0,62000,0,25,2024-02-13,2024-03-09
TXN002173,CUST5478,PROJ-1008,C-1501,509000,509000,0,0,0,6,2024-08-16,2024-08-22
TXN002051,CUST3109,PROJ-1003,B-1509,2361000,2361000,0,0,0,0,2024-10-24,2024-10-24
TXN000824,CUST1022,PROJ-1002,C-2110,1140000,489000,609000,42000,0,4,2025-09-18,2025-09-22
TXN002342,CUST1445,PROJ-1002,B-1107,1446000,1446000,0,0,0,0,2024-06-28,2024-06-28
TXN002590,CUST1854,PROJ-1008,B-3006,1205000,1376000,-171000,0,28000,14,2024-08-29,
TXN000738,CUST7810,PROJ-1001,E-0406,1389000,0,1389000,0,0,13,2025-02-08,
TXN000144,CUST6933,PROJ-1006,D-1901,1322000,1322000,0,0,0,8,2024-03-19,2024-03-27
TXN000244,CUST8032,PROJ-1004,A-2302,412000,412000,0,0,0,6,2025-11-27,2025-12-03
TXN000834,CUST4678,PROJ-1002,A-1006,475000,255000,198000,22000,0,6,2024-07-01,2024-07-07
TXN001742,CUST5426,PROJ-1003,B-2909,1177000,1177000,0,0,0,24,2024-06-14,2024-07-08
TXN001751,CUST6798,PROJ-1003,E-2702,939000,939000,0,0,0,21,2025-08-02,2025-08-23
TXN001772,CUST6677,PROJ-1004,E-1112,1381000,417000,964000,0,0,2,2024-12-20,2024-12-22
TXN000497,CUST8122,PROJ-1005,C-0310,568000,568000,0,0,0,22,2025-01-13,2025-02-04
TXN001238,CUST3964,PROJ-1004,C-0708,1255000,1255000,0,0,0,24,2024-06-18,2024-07-12
TXN001998,CUST1084,PROJ-1002,D-1406,337000,0,337000,0,0,17,2025-12-05,
TXN001665,CUST2992,PROJ-1004,B-1310,1168000,1168000,0,0,0,9,2024-01-28,2024-02-06
TXN000587,CUST3502,PROJ-1006,C-2010,340000,340000,0,0,0,2,2025-04-22,2025-04-24
TXN001082,CUST4741,PROJ-1004,D-0601,1557000,1557000,0,0,0,22,2024-03-06,2024-03-28
TXN001819,CUST6492,PROJ-1001,B-1307,673000,0,673000,0,0,0,2025-08-20,
TXN001981,CUST1181,PROJ-1003,D-1407,538000,538000,0,0,0,21,2024-07-12,2024-08-02
TXN002082,CUST9368,PROJ-1002,B-2701,507000,395000,112000,0,0,19,2024-02-07,2024-02-26
TXN002258,CUST4962,PROJ-1005,C-1909,371000,371000,0,0,0,6,2024-06-04,2024-06-10
TXN001235,CUST4302,PROJ-1003,E-0906,943000,444000,499000,0,0,9,2025-04-01,2025-04-10
TXN002033,CUST5736,PROJ-1007,C-0203,1280000,974000,306000,0,0,5,2025-04-16,2025-04-21
TXN000511,CUST8775,PROJ-1007,C-0509,512000,512000,0,0,0,27,2024-11-19,2024-12-16
TXN001705,CUST9851,PROJ-1007,A-0209,1545000,663000,882000,0,0,27,2025-08-19,2025-09-15
TXN000515,CUST1931,PROJ-1002,E-2204,2338000,2226000,0,112000,0,11,2025-01-19,2025-01-30
TXN000428,CUST3525,PROJ-1008,E-1006,1172000,265000,907000,0,0,2,2024-05-12,2024-05-14
TXN001496,CUST2899,PROJ-1002,A-1307,368000,368000,0,0,0,6,2024-02-02,2024-02-08
TXN001431,CUST9549,PROJ-1003,B-2810,1173000,390000,783000,0,0,3,2024-10-13,2024-10-16
TXN001568,CUST8784,PROJ-1002,E-2004,1239000,732000,507000,0,0,4,2025-11-16,2025-11-20
TXN002302,CUST1047,PROJ-1003,A-0809,1355000,1355000,0,0,0,13,2025-07-17,2025-07-30
TXN000682,CUST3014,PROJ-1007,B-2409,1721000,0,1721000,0,0,10,2024-11-21,
TXN001604,CUST9964,PROJ-1004,C-0606,1001000,711000,290000,0,0,23,2025-02-19,2025-03-14
TXN001425,CUST7655,PROJ-1003,E-2506,2419000,2335000,0,84000,0,5,2025-08-09,2025-08-14
TXN000373,CUST4773,PROJ-1002,D-2606,552000,552000,0,0,0,16,2025-10-24,2025-11-09
TXN000891,CUST5646,PROJ-1007,E-0709,708000,0,708000,0,0,2,2025-11-18,
TXN001234,CUST9341,PROJ-1006,B-1304,1162000,1123000,0,39000,0,7,2025-01-18,2025-01-25
TXN000673,CUST1310,PROJ-1003,C-2604,1066000,1035000,0,31000,0,18,2025-05-18,2025-06-05
TXN001416,CUST1755,PROJ-1007,B-0811,1444000,680000,764000,0,0,0,2025-12-11,2025-12-11
TXN000007,CUST3677,PROJ-1004,D-1305,1461000,493000,968000,0,0,15,2024-02-02,2024-02-17
TXN000852,CUST8587,PROJ-1003,A-2911,421000,278000,143000,0,0,30,2024-06-13,2024-07-13
TXN002485,CUST8674,PROJ-1006,A-2511,1197000,1554000,-357000,0,0,7,2024-08-16,2024-08-23
TXN001877,CUST8869,PROJ-1001,A-0704,849000,560000,289000,0,0,4,2024-06-09,2024-06-13
TXN001191,CUST6431,PROJ-1001,A-1106,758000,758000,0,0,0,23,2025-09-30,2025-10-23
TXN001479,CUST5352,PROJ-1006,D-0507,1199000,1199000,0,0,0,15,2025-06-07,2025-06-22
TXN000279,CUST6435,PROJ-1001,E-0703,1552000,1488000,0,64000,0,9,2024-05-31,2024-06-09
TXN001251,CUST4715,PROJ-1003,C-1602,1567000,0,1567000,0,0,12,2025-06-19,
TXN000237,CUST5740,PROJ-1005,E-0909,371000,0,371000,0,0,20,2024-10-10,
TXN000009,CUST3287,PROJ-1005,B-2409,1551000,1551000,0,0,0,3,2025-01-05,2025-01-08
TXN000569,CUST6855,PROJ-1003,B-0205,1240000,1240000,0,0,0,7,2024-10-25,2024-11-01
TXN002451,CUST8081,PROJ-1004,D-2811,929000,929000,0,0,0,14,2025-03-28,2025-04-11
TXN000142,CUST3730,PROJ-1007,D-1208,485000,327000,158000,0,0,1,2024-02-28,2024-02-29
TXN002469,CUST5542,PROJ-1008,B-0406,670000,670000,0,0,0,14,2024-05-21,2024-06-04
TXN000926,CUST8582,PROJ-1001,E-1501,329000,329000,0,0,0,1,2025-08-31,2025-09-01
TXN001752,CUST6626,PROJ-1003,C-0810,1504000,967000,537000,0,0,8,2024-05-19,2024-05-27
TXN001051,CUST2829,PROJ-1001,C-2401,1831000,1831000,0,0,0,10,2024-05-28,2024-06-07
TXN000675,CUST3359,PROJ-1005,B-0902,922000,922000,0,0,0,2,2024-11-29,2024-12-01
TXN000571,CUST5447,PROJ-1005,C-0409,1737000,1737000,0,0,31000,5,2025-05-11,2025-05-16
TXN002094,CUST7034,PROJ-1006,C-2103,838000,200000,630000,8000,0,10,2024-12-21,2024-12-31
TXN002492,CUST9684,PROJ-1007,D-1807,395000,561000,-181000,15000,0,21,2024-09-12,2024-10-03
TXN001565,CUST5370,PROJ-1003,E-2904,1689000,1689000,0,0,0,14,2025-12-17,2025-12-31
TXN002021,CUST2978,PROJ-1001,E-2007,1460000,1032000,428000,0,0,5,2024-12-04,2024-12-09
TXN001075,CUST3294,PROJ-1001,B-1705,416000,160000,256000,0,0,8,2024-06-11,2024-06-19
TXN001110,CUST1118,PROJ-1001,D-2607,1399000,1369000,0,30000,0,4,2025-10-29,2025-11-02
TXN001208,CUST4944,PROJ-1006,E-0111,1095000,1095000,0,0,0,22,2024-12-18,2025-01-09
TXN000932,CUST8871,PROJ-1008,C-1011,558000,558000,0,0,0,6,2024-04-19,2024-04-25
TXN002110,CUST7542,PROJ-1005,D-0503,2124000,2124000,0,0,36000,0,2024-08-27,2024-08-27
TXN002480,CUST2918,PROJ-1004,E-0306,520000,520000,0,0,0,239,2024-02-22,2024-10-18
TXN002162,CUST3965,PROJ-1003,B-1803,814000,420000,394000,0,0,30,2025-01-01,2025-01-31
TXN001032,CUST6606,PROJ-1004,E-1812,895000,895000,0,0,0,0,2024-09-24,2024-09-24
TXN001791,CUST5026,PROJ-1002,E-1609,444000,444000,0,0,0,13,2024-01-24,2024-02-06
TXN000877,CUST5263,PROJ-1007,E-0606,698000,681000,0,17000,0,9,2024-01-29,2024-02-07
TXN002296,CUST8129,PROJ-1008,D-0401,944000,944000,0,0,0,10,2025-03-28,2025-04-07
TXN001721,CUST6815,PROJ-1005,B-2006,559000,0,552000,7000,0,7,2024-09-17,
TXN000371,CUST2275,PROJ-1006,E-0907,1141000,1141000,0,0,0,21,2025-05-08,2025-05-29
TXN001273,CUST7443,PROJ-1005,C-1511,1118000,0,1118000,0,0,16,2025-04-26,
TXN001920,CUST5431,PROJ-1003,A-0703,333000,333000,0,0,0,4,2024-01-11,2024-01-15
TXN000705,CUST1719,PROJ-1006,A-0704,983000,983000,0,0,0,3,2025-07-21,2025-07-24
TXN000556,CUST4897,PROJ-1003,A-0206,1265000,1265000,0,0,0,0,2025-12-25,2025-12-25
TXN002120,CUST7953,PROJ-1007,B-0712,1295000,1239000,0,56000,0,3,2024-11-23,2024-11-26
TXN001097,CUST2441,PROJ-1004,D-0806,2146000,2146000,0,0,0,11,2024-10-25,2024-11-05
TXN000689,CUST2070,PROJ-1003,E-0512,367000,367000,0,0,0,13,2025-06-19,2025-07-02
TXN001023,CUST1625,PROJ-1002,C-0110,786000,786000,0,0,0,0,2024-05-02,2024-05-02
TXN000376,CUST4594,PROJ-1003,D-2003,1381000,1381000,0,0,0,4,2025-12-03,2025-12-07
TXN002155,CUST9529,PROJ-1005,E-3006,909000,0,909000,0,0,7,2025-09-04,
TXN000161,CUST2946,PROJ-1005,B-0407,1634000,1634000,0,0,0,2,2024-05-27,2024-05-29
TXN000881,CUST7402,PROJ-1004,A-1601,577000,577000,0,0,0,5,2025-03-05,2025-03-10
TXN002278,CUST5913,PROJ-1001,C-0111,1190000,1173000,0,17000,0,9,2025-04-20,2025-04-29
TXN002468,CUST2132,PROJ-1002,C-1810,398000,398000,0,0,0,27,2025-04-20,2025-05-17
TXN000370,CUST6309,PROJ-1001,A-2309,1675000,1675000,0,0,0,10,2025-01-20,2025-01-30
TXN002338,CUST5754,PROJ-1005,C-0605,1568000,517000,974000,77000,0,0,2025-01-11,2025-01-11
TXN001398,CUST7181,PROJ-1008,C-1405,1338000,1338000,0,0,0,14,2024-01-24,2024-02-07
TXN002163,CUST1523,PROJ-1005,A-0902,591000,591000,0,0,0,21,2025-01-16,2025-02-06
TXN002069,CUST6058,PROJ-1002,A-1707,1753000,1753000,0,0,0,7,2025-05-27,2025-06-03
TXN002201,CUST7322,PROJ-1006,E-1607,1355000,1355000,0,0,0,4,2024-06-17,2024-06-21
TXN000987,CUST3242,PROJ-1004,E-1304,878000,878000,0,0,0,4,2025-05-23,2025-05-27
TXN000213,CUST2692,PROJ-1007,A-0306,1195000,248000,947000,0,0,5,2025-02-27,2025-03-04
TXN000934,CUST1698,PROJ-1008,C-0508,790000,255000,525000,10000,0,7,2025-12-24,2025-12-31
TXN002577,CUST6908,PROJ-1006,D-0104,1498000,1182000,316000,0,0,-13,2025-07-07,2025-06-24
TXN001196,CUST3449,PROJ-1007,A-3011,936000,386000,550000,0,0,0,2025-05-21,2025-05-21
TXN000358,CUST8765,PROJ-1001,B-1804,1010000,1010000,0,0,0,2,2025-10-11,2025-10-13
TXN000604,CUST3883,PROJ-1005,A-2408,329000,329000,0,0,0,22,2024-03-06,2024-03-28
TXN002092,CUST4582,PROJ-1008,D-1711,725000,725000,0,0,0,23,2025-12-24,2026-01-16
TXN002274,CUST5927,PROJ-1005,B-2812,1126000,1126000,0,0,0,14,2024-01-25,2024-02-08
TXN000625,CUST1871,PROJ-1008,B-0501,792000,779000,0,13000,0,0,2025-05-21,2025-05-21
TXN002424,CUST4220,PROJ-1004,C-1801,475000,475000,0,0,0,5,2025-06-23,2025-06-28
TXN000574,CUST9570,PROJ-1008,C-0612,830000,830000,0,0,0,2,2025-12-11,2025-12-13
TXN001106,CUST4770,PROJ-1006,B-0705,1045000,0,1045000,0,0,0,2024-12-29,
TXN001942,CUST6658,PROJ-1005,D-2506,1125000,1125000,0,0,0,2,2024-01-12,2024-01-14
TXN001247,CUST6254,PROJ-1003,C-1403,1843000,532000,1311000,0,0,13,2025-11-19,2025-12-02
TXN002005,CUST3483,PROJ-1001,D-1103,2463000,2463000,0,0,0,6,2025-12-09,2025-12-15
TXN001799,CUST5782,PROJ-1006,D-2204,475000,475000,0,0,0,8,2025-05-14,2025-05-22
TXN001790,CUST2359,PROJ-1002,B-2404,410000,410000,0,0,0,1,2025-07-03,2025-07-04
TXN000578,CUST9202,PROJ-1003,E-0809,1143000,1108000,0,35000,12000,2,2024-10-15,2024-10-17
TXN001554,CUST8765,PROJ-1008,C-1303,1443000,1434000,0,9000,0,1,2024-04-12,2024-04-13
TXN001921,CUST4438,PROJ-1005,B-0410,457000,457000,0,0,0,7,2025-03-28,2025-04-04
TXN002386,CUST3798,PROJ-1002,E-1306,1647000,702000,945000,0,0,13,2024-12-19,2025-01-01
TXN001623,CUST8275,PROJ-1007,B-2603,1014000,0,1014000,0,0,10,2025-04-12,
TXN001471,CUST1416,PROJ-1006,B-3001,322000,316000,0,6000,0,1,2024-08-25,2024-08-26
TXN000209,CUST9204,PROJ-1002,C-0202,743000,574000,169000,0,0,28,2025-02-10,2025-03-10
TXN002215,CUST9861,PROJ-1001,A-0709,2210000,2210000,0,0,0,10,2024-09-18,2024-09-28
TXN000992,CUST9014,PROJ-1008,E-1411,630000,422000,208000,0,0,8,2024-03-03,2024-03-11
TXN001059,CUST8280,PROJ-1006,B-1512,721000,721000,0,0,0,0,2025-02-16,2025-02-16
TXN001177,CUST1716,PROJ-1006,E-0103,1701000,1701000,0,0,0,22,2024-07-24,2024-08-15
TXN000336,CUST1035,PROJ-1004,C-1211,1374000,1374000,0,0,0,7,2024-06-17,2024-06-24
TXN001120,CUST4896,PROJ-1001,B-1306,600000,600000,0,0,0,5,2025-08-14,2025-08-19
TXN000608,CUST6185,PROJ-1002,E-1408,891000,891000,0,0,0,15,2025-01-11,2025-01-26
TXN000680,CUST8401,PROJ-1007,A-0108,1607000,1607000,0,0,0,3,2025-05-08,2025-05-11
TXN001944,CUST4241,PROJ-1003,E-1412,866000,866000,0,0,0,3,2024-12-13,2024-12-16
TXN002559,CUST2133,PROJ-1004,A-0702,1649000,1649000,0,0,874000,6,2024-11-18,2024-11-24
TXN002119,CUST8870,PROJ-1007,A-0406,434000,434000,0,0,0,29,2024-04-07,2024-05-06
TXN002421,CUST1999,PROJ-1003,A-1304,345000,345000,0,0,0,2,2025-10-16,2025-10-18
TXN001015,CUST5542,PROJ-1006,E-2208,776000,0,764000,12000,0,4,2025-09-21,
TXN001262,CUST3992,PROJ-1005,B-1111,2035000,1520000,515000,0,0,2,2024-04-13,2024-04-15
TXN000709,CUST9773,PROJ-1004,C-2603,1059000,794000,222000,43000,0,3,2025-05-15,2025-05-18
TXN001978,CUST9165,PROJ-1008,B-1706,1785000,0,1785000,0,0,7,2024-05-10,
TXN000543,CUST8412,PROJ-1002,D-0802,1026000,1026000,0,0,0,4,2025-01-02,2025-01-06
TXN002307,CUST5338,PROJ-1002,C-1205,1241000,1241000,0,0,0,5,2024-12-12,2024-12-17
TXN002383,CUST7776,PROJ-1007,C-3008,817000,810000,0,7000,0,11,2025-06-01,2025-06-12
TXN002101,CUST2909,PROJ-1003,E-2904,895000,711000,184000,0,0,6,2025-02-27,2025-03-05
TXN000320,CUST1785,PROJ-1001,A-2101,361000,361000,0,0,0,12,2025-04-30,2025-05-12
TXN002459,CUST4545,PROJ-1002,D-2712,1038000,382000,656000,0,0,25,2025-05-23,2025-06-17
TXN001556,CUST8883,PROJ-1007,D-1803,683000,661000,0,22000,0,24,2024-01-14,2024-02-07
TXN002171,CUST1341,PROJ-1005,E-2505,601000,601000,0,0,0,0,2025-10-14,2025-10-14
TXN001090,CUST7491,PROJ-1004,B-2803,2390000,1532000,743000,115000,0,3,2024-10-02,2024-10-05
TXN001720,CUST8445,PROJ-1002,A-2808,1527000,1476000,0,51000,0,9,2024-04-16,2024-04-25
TXN001679,CUST2102,PROJ-1003,C-0307,876000,841000,0,35000,0,0,2024-10-05,2024-10-05
TXN001333,CUST2028,PROJ-1007,D-2707,1138000,380000,758000,0,0,4,2024-09-28,2024-10-02
TXN000407,CUST9535,PROJ-1006,D-1403,624000,399000,215000,10000,0,2,2024-08-03,2024-08-05
TXN002029,CUST6408,PROJ-1007,D-2902,1493000,1493000,0,0,0,10,2024-09-27,2024-10-07
TXN002039,CUST4497,PROJ-1004,B-0607,735000,735000,0,0,0,6,2024-03-18,2024-03-24
TXN001984,CUST9604,PROJ-1005,B-0209,1739000,1739000,0,0,0,7,2025-09-09,2025-09-16
TXN002305,CUST6793,PROJ-1001,B-0305,326000,326000,0,0,0,3,2025-03-20,2025-03-23
TXN000108,CUST3549,PROJ-1001,B-2510,343000,343000,0,0,0,6,2025-03-28,2025-04-03
TXN002350,CUST6287,PROJ-1004,E-0408,844000,822000,0,22000,0,0,2024-01-05,2024-01-05
TXN002160,CUST2681,PROJ-1008,A-0111,929000,929000,0,0,0,7,2024-04-12,2024-04-19
TXN001986,CUST2103,PROJ-1003,C-2411,635000,635000,0,0,0,4,2024-08-10,2024-08-14
TXN000242,CUST2631,PROJ-1001,D-0102,1063000,1063000,0,0,0,23,2025-12-06,2025-12-29
TXN000844,CUST1526,PROJ-1001,E-2503,1336000,681000,598000,57000,0,23,2024-09-21,2024-10-14
TXN002303,CUST7336,PROJ-1002,E-0412,733000,446000,287000,0,14000,25,2025-10-26,2025-11-20
TXN000732,CUST8567,PROJ-1002,D-1112,1397000,1397000,0,0,0,23,2025-12-27,2026-01-19
TXN000498,CUST1013,PROJ-1001,E-2706,448000,196000,252000,0,0,12,2024-11-21,2024-12-03
TXN000157,CUST7293,PROJ-1005,E-1404,943000,943000,0,0,0,7,2024-06-12,2024-06-19
TXN001749,CUST8284,PROJ-1008,D-0408,2457000,1369000,968000,120000,0,12,2025-07-08,2025-07-20
TXN002197,CUST7225,PROJ-1007,E-0703,1292000,1292000,0,0,0,8,2025-11-05,2025-11-13
TXN001222,CUST8761,PROJ-1001,B-0811,472000,472000,0,0,0,27,2024-10-06,2024-11-02
TXN001771,CUST8738,PROJ-1002,B-3011,1086000,1086000,0,0,0,7,2025-10-19,2025-10-26
TXN001489,CUST1728,PROJ-1001,C-2509,1136000,1136000,0,0,0,7,2025-05-30,2025-06-06
TXN001369,CUST9765,PROJ-1007,A-0411,1925000,1925000,0,0,0,1,2025-01-14,2025-01-15
TXN001135,CUST7875,PROJ-1006,C-1202,353000,353000,0,0,0,9,2024-08-14,2024-08-23
TXN001249,CUST1700,PROJ-1003,C-1711,958000,958000,0,0,0,2,2025-08-10,2025-08-12
TXN001048,CUST9711,PROJ-1007,D-2811,379000,361000,0,18000,0,15,2025-06-11,2025-06-26
TXN001946,CUST4610,PROJ-1001,D-1802,1505000,874000,631000,0,0,4,2024-04-06,2024-04-10
TXN001388,CUST8656,PROJ-1007,A-0210,301000,301000,0,0,0,4,2025-10-13,2025-10-17
TXN002398,CUST9668,PROJ-1001,B-2105,1101000,228000,873000,0,0,3,2025-08-05,2025-08-08
TXN000513,CUST7408,PROJ-1005,D-2511,804000,0,804000,0,0,17,2024-11-16,
TXN001095,CUST8979,PROJ-1007,B-0910,1786000,1773000,0,13000,0,24,2025-03-24,2025-04-17
TXN001964,CUST8633,PROJ-1002,E-0407,1026000,0,1026000,0,21000,7,2024-10-04,
TXN001420,CUST5823,PROJ-1002,A-2509,1397000,1397000,0,0,0,21,2024-06-28,2024-07-19
TXN000762,CUST2586,PROJ-1001,B-1701,1132000,1132000,0,0,0,6,2025-05-12,2025-05-18
TXN002311,CUST3717,PROJ-1001,B-0711,1500000,1500000,0,0,0,21,2025-02-04,2025-02-25
TXN001436,CUST2665,PROJ-1003,A-2003,499000,480000,0,19000,0,4,2025-11-16,2025-11-20
TXN000117,CUST6085,PROJ-1002,D-1501,493000,352000,141000,0,0,9,2025-09-21,2025-09-30
TXN001417,CUST9313,PROJ-1001,C-1910,452000,452000,0,0,0,30,2025-04-08,2025-05-08
TXN002438,CUST5299,PROJ-1002,E-1603,970000,970000,0,0,0,3,2025-02-14,2025-02-17
TXN000239,CUST7786,PROJ-1005,D-1502,511000,0,511000,0,0,14,2025-01-12,
TXN002371,CUST1762,PROJ-1001,E-2805,514000,514000,0,0,0,13,2024-09-04,2024-09-17
TXN000224,CUST2901,PROJ-1002,B-1205,1277000,1277000,0,0,0,6,2024-04-09,2024-04-15
TXN001211,CUST1699,PROJ-1003,C-1408,840000,0,840000,0,0,14,2025-04-19,
TXN001509,CUST5524,PROJ-1007,A-1603,1041000,434000,601000,6000,0,2,2024-04-19,2024-04-21
TXN000904,CUST3413,PROJ-1002,D-2902,426000,415000,0,11000,0,6,2025-06-27,2025-07-03
TXN002097,CUST5386,PROJ-1008,E-0407,532000,529000,0,3000,0,11,2025-06-09,2025-06-20
TXN002243,CUST1042,PROJ-1005,A-2601,622000,622000,0,0,0,13,2025-11-13,2025-11-26
TXN000499,CUST7251,PROJ-1007,D-1804,1098000,1065000,0,33000,0,2,2025-03-03,2025-03-05
TXN002356,CUST8126,PROJ-1006,E-1706,446000,298000,148000,0,0,18,2025-02-22,2025-03-12
TXN000766,CUST1749,PROJ-1006,C-2208,1108000,1108000,0,0,0,25,2025-03-14,2025-04-08
TXN000530,CUST3703,PROJ-1006,D-0810,370000,74000,280000,16000,0,1,2025-05-13,2025-05-14
TXN000375,CUST9464,PROJ-1003,D-2010,449000,449000,0,0,0,19,2025-04-27,2025-05-16
TXN000429,CUST4310,PROJ-1001,A-1604,317000,163000,154000,0,0,9,2025-12-19,2025-12-28
TXN000895,CUST6196,PROJ-1005,C-1302,1657000,1657000,0,0,0,7,2025-04-10,2025-04-17
TXN001143,CUST8172,PROJ-1006,C-2503,938000,925000,0,13000,0,8,2025-10-19,2025-10-27
TXN001925,CUST6864,PROJ-1002,E-0203,1290000,0,1290000,0,0,1,2024-10-08,
TXN001265,CUST3253,PROJ-1004,A-0103,599000,316000,283000,0,0,3,2025-07-24,2025-07-27
TXN001157,CUST3998,PROJ-1006,A-1006,1051000,1051000,0,0,0,2,2025-02-15,2025-02-17
TXN001956,CUST3277,PROJ-1003,A-2308,438000,289000,149000,0,0,19,2025-07-12,2025-07-31
TXN000678,CUST2072,PROJ-1007,D-0107,620000,216000,404000,0,0,10,2025-07-22,2025-08-01
TXN002430,CUST7515,PROJ-1006,D-2109,1103000,235000,868000,0,21000,16,2025-05-07,2025-05-23
TXN000524,CUST1415,PROJ-1004,E-0808,566000,566000,0,0,0,28,2025-04-05,2025-05-03
TXN001723,CUST7266,PROJ-1005,B-3004,583000,583000,0,0,0,6,2024-11-05,2024-11-11
TXN002141,CUST5458,PROJ-1004,E-0202,837000,837000,0,0,0,6,2025-11-12,2025-11-18
TXN001381,CUST4940,PROJ-1003,A-1710,1156000,1156000,0,0,0,1,2025-07-04,2025-07-05
TXN000093,CUST2592,PROJ-1002,B-2909,1008000,774000,234000,0,0,9,2025-03-05,2025-03-14
TXN001505,CUST6609,PROJ-1002,C-0903,416000,416000,0,0,0,1,2024-03-01,2024-03-02
TXN000581,CUST6375,PROJ-1002,D-0407,1279000,0,1279000,0,0,7,2025-03-30,
TXN000351,CUST2506,PROJ-1007,C-0804,1147000,594000,553000,0,0,15,2025-07-28,2025-08-12
TXN000821,CUST3711,PROJ-1002,D-2509,1090000,1090000,0,0,0,0,2024-07-07,2024-07-07
TXN002207,CUST4335,PROJ-1001,B-2110,1281000,0,1248000,33000,0,7,2024-05-27,
TXN002182,CUST5841,PROJ-1008,B-2003,628000,628000,0,0,0,22,2024-06-30,2024-07-22
TXN001633,CUST4463,PROJ-1005,B-3012,1230000,1170000,0,60000,0,2,2025-12-28,2025-12-30
TXN002376,CUST9367,PROJ-1002,D-1708,447000,447000,0,0,0,10,2025-11-18,2025-11-28
TXN001855,CUST7347,PROJ-1007,C-3012,660000,660000,0,0,0,20,2025-09-28,2025-10-18
TXN001938,CUST7374,PROJ-1002,C-0905,403000,175000,228000,0,0,6,2025-01-05,2025-01-11
TXN002088,CUST8919,PROJ-1005,A-2112,380000,270000,110000,0,0,5,2024-07-22,2024-07-27
TXN002494,CUST3612,PROJ-1008,E-1604,432000,432000,0,0,0,118,2025-02-22,2025-06-20
TXN001205,CUST8799,PROJ-1004,B-2308,2481000,1784000,697000,0,0,6,2024-03-03,2024-03-09
TXN002001,CUST5269,PROJ-1008,C-2310,1202000,1202000,0,0,0,0,2025-02-11,2025-02-11
TXN000564,CUST8776,PROJ-1005,E-1102,1788000,1746000,0,42000,0,6,2025-07-23,2025-07-29
TXN000162,CUST9193,PROJ-1007,A-0201,949000,949000,0,0,0,2,2025-06-11,2025-06-13
TXN001043,CUST7047,PROJ-1004,C-1109,509000,509000,0,0,0,0,2024-07-11,2024-07-11
TXN002520,CUST4218,PROJ-1004,C-0811,1839000,2111000,-272000,0,0,9,2025-11-18,2025-11-27
TXN000801,CUST3184,PROJ-1006,E-1201,1020000,1020000,0,0,0,3,2025-11-26,2025-11-29
TXN001482,CUST1479,PROJ-1003,C-0603,1194000,1194000,0,0,0,27,2024-06-24,2024-07-21
TXN001755,CUST7645,PROJ-1005,C-0309,1129000,1129000,0,0,0,16,2024-10-22,2024-11-07
TXN000611,CUST7656,PROJ-1006,A-0902,994000,994000,0,0,0,20,2025-03-08,2025-03-28
TXN001067,CUST3727,PROJ-1004,E-2108,494000,478000,0,16000,0,19,2025-06-07,2025-06-26
TXN002400,CUST5379,PROJ-1008,E-1110,1271000,0,1219000,52000,0,19,2024-05-28,
TXN001639,CUST5319,PROJ-1001,B-2712,1579000,1544000,0,35000,0,25,2024-07-26,2024-08-20
TXN002359,CUST8009,PROJ-1008,B-2507,1339000,1339000,0,0,0,7,2024-09-12,2024-09-19
TXN001347,CUST1637,PROJ-1005,A-0205,871000,871000,0,0,0,29,2025-02-25,2025-03-26
TXN001973,CUST6472,PROJ-1005,E-2208,343000,196000,134000,13000,0,2,2024-11-01,2024-11-03
TXN000617,CUST1231,PROJ-1002,E-1408,624000,0,624000,0,0,9,2024-09-29,
TXN000938,CUST9182,PROJ-1002,D-1104,711000,465000,246000,0,0,24,2025-03-06,2025-03-30
TXN001974,CUST4521,PROJ-1006,D-2001,1189000,1189000,0,0,0,3,2025-01-07,2025-01-10
TXN001656,CUST7806,PROJ-1003,A-1006,1024000,1024000,0,0,0,11,2024-08-13,2024-08-24
TXN000182,CUST9792,PROJ-1004,B-0606,1927000,1900000,0,27000,0,6,2025-06-06,2025-06-12
TXN001571,CUST2714,PROJ-1008,C-2708,866000,866000,0,0,0,7,2025-09-04,2025-09-11
TXN002077,CUST9598,PROJ-1004,A-2709,2309000,1103000,1206000,0,0,5,2024-03-08,2024-03-13
TXN000704,CUST4363,PROJ-1007,D-0601,810000,805000,0,5000,0,10,2024-07-18,2024-07-28
TXN002196,CUST9812,PROJ-1004,E-3012,855000,855000,0,0,0,4,2025-03-23,2025-03-27
TXN001086,CUST6384,PROJ-1003,E-1609,1798000,1798000,0,0,0,3,2024-12-15,2024-12-18
TXN000010,CUST9348,PROJ-1003,D-0301,380000,380000,0,0,0,5,2024-03-06,2024-03-11
TXN001725,CUST1169,PROJ-1003,C-2011,1303000,1303000,0,0,0,2,2024-11-16,2024-11-18
TXN002232,CUST8694,PROJ-1008,A-2510,626000,626000,0,0,0,5,2025-01-20,2025-01-25
TXN001385,CUST2353,PROJ-1002,B-1602,1322000,1322000,0,0,0,13,2025-10-07,2025-10-20
TXN001523,CUST8655,PROJ-1004,A-1708,1360000,791000,537000,32000,0,15,2025-10-07,2025-10-22
TXN000236,CUST3719,PROJ-1007,E-0504,662000,662000,0,0,0,4,2024-06-21,2024-06-25
TXN001093,CUST4417,PROJ-1004,C-1006,469000,469000,0,0,0,15,2024-07-23,2024-08-07
TXN001844,CUST9306,PROJ-1002,B-3003,1138000,1138000,0,0,0,2,2024-01-02,2024-01-04
TXN000917,CUST3014,PROJ-1006,D-2608,1728000,1728000,0,0,0,2,2025-12-02,2025-12-04
TXN002499,CUST3798,PROJ-1005,A-0812,558000,769000,-211000,0,0,25,2025-07-09,2025-08-03
TXN002320,CUST8353,PROJ-1005,E-2001,969000,969000,0,0,0,4,2024-04-23,2024-04-27
TXN002198,CUST7762,PROJ-1008,C-1902,1739000,1739000,0,0,0,14,2024-04-10,2024-04-24
TXN002321,CUST6500,PROJ-1007,D-1209,590000,0,590000,0,0,13,2024-01-10,
TXN001175,CUST4289,PROJ-1008,B-1701,1002000,987000,0,15000,0,15,2025-12-11,2025-12-26
TXN001519,CUST9670,PROJ-1007,D-2104,404000,404000,0,0,0,5,2025-02-28,2025-03-05
TXN000810,CUST8867,PROJ-1007,C-1008,525000,525000,0,0,0,4,2024-09-12,2024-09-16
TXN002394,CUST2610,PROJ-1003,B-1410,1560000,1560000,0,0,0,25,2024-03-25,2024-04-19
TXN001631,CUST9340,PROJ-1003,C-1105,350000,170000,180000,0,0,0,2024-01-02,2024-01-02
TXN000868,CUST1235,PROJ-1004,C-2706,458000,284000,174000,0,0,30,2025-10-26,2025-11-25
TXN001617,CUST9970,PROJ-1007,A-0309,1252000,923000,329000,0,0,7,2025-05-05,2025-05-12
TXN000910,CUST6442,PROJ-1003,D-0501,949000,949000,0,0,0,2,2024-03-19,2024-03-21
TXN001801,CUST8725,PROJ-1004,D-0608,383000,164000,219000,0,0,4,2024-01-05,2024-01-09
TXN001572,CUST5139,PROJ-1007,B-0903,1184000,1184000,0,0,0,3,2024-08-29,2024-09-01
TXN001255,CUST5918,PROJ-1001,C-1306,919000,919000,0,0,0,9,2025-09-21,2025-09-30
TXN002537,CUST5182,PROJ-1002,C-1010,1429000,1103000,0,326000,0,3,2025-05-07,2025-05-10
TXN000940,CUST7187,PROJ-1008,B-2110,1419000,476000,943000,0,0,6,2024-06-14,2024-06-20
TXN000489,CUST8629,PROJ-1002,E-0502,602000,289000,313000,0,0,26,2024-08-25,2024-09-20
TXN002275,CUST6228,PROJ-1005,A-1212,392000,392000,0,0,0,0,2024-01-09,2024-01-09
TXN000191,CUST7999,PROJ-1003,E-1601,1787000,1787000,0,0,0,6,2025-12-14,2025-12-20
TXN000751,CUST2178,PROJ-1008,C-0512,705000,344000,351000,10000,12000,25,2025-03-01,2025-03-26
TXN002254,CUST9340,PROJ-1002,D-1607,1157000,1157000,0,0,0,6,2024-08-29,2024-09-04
TXN001612,CUST1811,PROJ-1008,C-2312,2414000,578000,1836000,0,26000,29,2024-01-10,2024-02-08
TXN002352,CUST8040,PROJ-1007,D-1909,2215000,2215000,0,0,50000,0,2025-10-19,2025-10-19
TXN001865,CUST9277,PROJ-1002,D-0201,771000,743000,0,28000,0,10,2025-08-29,2025-09-08
TXN000598,CUST5478,PROJ-1006,A-1909,948000,361000,587000,0,0,6,2024-11-03,2024-11-09
TXN002364,CUST5007,PROJ-1007,B-0409,379000,96000,283000,0,0,6,2024-02-18,2024-02-24
TXN000433,CUST7802,PROJ-1003,A-2511,1751000,1751000,0,0,0,2,2024-04-16,2024-04-18
TXN001473,CUST3984,PROJ-1007,A-1005,1692000,1692000,0,0,0,30,2025-09-26,2025-10-26
TXN001595,CUST2079,PROJ-1008,A-2606,2345000,2345000,0,0,0,5,2025-08-11,2025-08-16
TXN000716,CUST4221,PROJ-1006,C-0905,1000000,0,1000000,0,0,8,2025-07-10,
TXN000232,CUST9281,PROJ-1007,D-1411,936000,936000,0,0,0,0,2025-08-01,2025-08-01
TXN002395,CUST1375,PROJ-1002,D-0412,1172000,1172000,0,0,0,13,2025-12-20,2026-01-02
TXN000829,CUST2642,PROJ-1007,E-0512,352000,207000,145000,0,9000,1,2024-02-14,2024-02-15
TXN001837,CUST7655,PROJ-1002,A-0110,502000,502000,0,0,0,2,2024-08-28,2024-08-30
TXN000577,CUST3028,PROJ-1002,E-0710,794000,291000,503000,0,7000,5,2025-08-16,2025-08-21
TXN000116,CUST6295,PROJ-1008,C-0508,546000,546000,0,0,0,5,2024-02-27,2024-03-03
TXN000340,CUST3103,PROJ-1003,A-1311,2271000,2271000,0,0,0,23,2025-09-15,2025-10-08
TXN001862,CUST9199,PROJ-1005,E-2603,577000,577000,0,0,0,30,2024-01-24,2024-02-23
TXN001371,CUST2532,PROJ-1002,C-2610,2319000,2319000,0,0,0,7,2024-10-10,2024-10-17
TXN000529,CUST9943,PROJ-1002,B-1104,391000,391000,0,0,0,2,2025-03-01,2025-03-03
TXN002169,CUST4724,PROJ-1001,D-1810,376000,0,360000,16000,0,8,2025-03-31,
TXN001564,CUST5176,PROJ-1001,C-2311,635000,0,635000,0,0,17,2024-11-28,
TXN001261,CUST3536,PROJ-1002,A-0708,761000,0,731000,30000,0,1,2025-01-20,
TXN002166,CUST2192,PROJ-1001,A-2905,451000,451000,0,0,0,1,2024-11-04,2024-11-05
TXN001389,CUST9452,PROJ-1006,C-1703,896000,896000,0,0,0,7,2024-10-02,2024-10-09
TXN001359,CUST8264,PROJ-1005,B-2811,817000,628000,189000,0,0,7,2024-09-05,2024-09-12
TXN002148,CUST2601,PROJ-1003,E-2205,371000,110000,261000,0,0,8,2025-06-17,2025-06-25
TXN000310,CUST4643,PROJ-1006,E-2108,1332000,713000,619000,0,0,1,2024-10-27,2024-10-28
TXN002085,CUST9496,PROJ-1007,B-0706,1524000,1524000,0,0,0,14,2024-04-13,2024-04-27
TXN000343,CUST2890,PROJ-1006,C-1808,2197000,1618000,579000,0,0,4,2025-06-30,2025-07-04
TXN001557,CUST8309,PROJ-1005,B-2307,1694000,1221000,403000,70000,0,2,2024-02-24,2024-02-26
TXN002519,CUST5072,PROJ-1003,A-1310,1128000,1087000,0,-649000,0,15,2025-01-07,2025-01-22
TXN000522,CUST2485,PROJ-1001,C-1806,541000,541000,0,0,0,0,2025-07-21,2025-07-21
TXN000634,CUST9115,PROJ-1003,E-2111,1176000,0,1176000,0,0,9,2025-05-04,
TXN002122,CUST4403,PROJ-1002,C-1805,834000,349000,485000,0,0,5,2025-06-13,2025-06-18
TXN000925,CUST4975,PROJ-1005,E-1706,1170000,1170000,0,0,0,1,2025-02-06,2025-02-07
TXN001533,CUST5637,PROJ-1007,E-1307,1521000,1521000,0,0,0,6,2024-09-29,2024-10-05
TXN001219,CUST6424,PROJ-1006,B-2903,1620000,1620000,0,0,0,9,2025-08-30,2025-09-08
TXN000659,CUST9383,PROJ-1002,E-1009,1594000,1594000,0,0,43000,3,2024-09-21,2024-09-24
TXN000865,CUST4253,PROJ-1001,A-2411,2293000,1538000,675000,80000,0,0,2024-11-20,2024-11-20
TXN001228,CUST5635,PROJ-1001,C-1910,568000,547000,0,21000,0,2,2024-03-10,2024-03-12
TXN000472,CUST6901,PROJ-1008,A-0305,1186000,837000,349000,0,0,4,2024-03-07,2024-03-11
TXN001311,CUST1009,PROJ-1004,A-0601,1563000,1563000,0,0,0,24,2024-06-18,2024-07-12
TXN000684,CUST8807,PROJ-1001,A-2901,1033000,1033000,0,0,0,7,2025-02-06,2025-02-13
TXN001762,CUST4330,PROJ-1006,A-3006,807000,624000,169000,14000,0,17,2025-11-11,2025-11-28
TXN001360,CUST8167,PROJ-1005,A-0901,986000,487000,459000,40000,0,5,2024-07-27,2024-08-01
TXN001340,CUST3932,PROJ-1005,A-2508,927000,927000,0,0,0,1,2025-06-07,2025-06-08
TXN002040,CUST7527,PROJ-1001,D-3005,530000,530000,0,0,0,0,2025-01-05,2025-01-05
TXN002456,CUST6458,PROJ-1003,E-2805,1295000,1295000,0,0,0,3,2025-10-06,2025-10-09
TXN000944,CUST5118,PROJ-1005,D-2306,383000,383000,0,0,0,25,2025-06-14,2025-07-09
TXN001869,CUST1154,PROJ-1006,A-0304,857000,183000,674000,0,0,8,2024-06-19,2024-06-27
TXN000551,CUST2430,PROJ-1008,A-1303,881000,866000,0,15000,0,7,2024-07-28,2024-08-04
TXN001806,CUST7854,PROJ-1001,D-1305,2314000,2314000,0,0,0,7,2024-06-26,2024-07-03
TXN001236,CUST4352,PROJ-1007,B-0401,1344000,822000,459000,63000,0,16,2024-11-01,2024-11-17
TXN001620,CUST5179,PROJ-1006,B-2907,900000,874000,0,26000,0,11,2024-07-10,2024-07-21
TXN001279,CUST8521,PROJ-1005,E-1103,1435000,1420000,0,15000,0,0,2025-02-06,2025-02-06
TXN002102,CUST1024,PROJ-1002,B-1112,752000,0,752000,0,0,4,2024-05-17,
TXN000964,CUST3945,PROJ-1008,C-2505,1711000,1711000,0,0,0,11,2025-09-24,2025-10-05
TXN001270,CUST6926,PROJ-1007,B-2705,563000,563000,0,0,0,0,2025-02-08,2025-02-08
TXN000353,CUST1404,PROJ-1005,E-2706,2067000,652000,1415000,0,0,1,2025-06-10,2025-06-11
TXN002091,CUST1405,PROJ-1005,B-2707,813000,813000,0,0,0,9,2024-05-17,2024-05-26
TXN002280,CUST1478,PROJ-1006,C-2803,875000,875000,0,0,0,6,2025-07-18,2025-07-24
TXN002211,CUST4352,PROJ-1004,B-1408,1799000,0,1726000,73000,0,19,2025-07-07,
TXN000068,CUST3441,PROJ-1004,C-2703,331000,325000,0,6000,0,6,2024-10-22,2024-10-28
TXN002413,CUST3602,PROJ-1003,E-2903,1003000,1003000,0,0,0,5,2024-09-08,2024-09-13
TXN001266,CUST4039,PROJ-1002,E-1402,1083000,1083000,0,0,0,5,2025-12-19,2025-12-24
TXN001399,CUST7035,PROJ-1002,B-1812,2088000,0,1985000,103000,0,19,2025-04-21,
TXN001441,CUST2676,PROJ-1003,B-0909,680000,456000,224000,0,0,9,2025-12-04,2025-12-13
TXN000471,CUST6424,PROJ-1005,A-0202,687000,367000,308000,12000,0,2,2025-07-29,2025-07-31
TXN001284,CUST4872,PROJ-1006,B-0109,1664000,0,1664000,0,0,6,2025-01-27,
TXN001562,CUST8385,PROJ-1002,D-2907,855000,256000,599000,0,0,0,2024-06-22,2024-06-22
TXN001406,CUST5323,PROJ-1008,C-2710,518000,225000,293000,0,0,14,2025-09-16,2025-09-30
TXN000335,CUST8445,PROJ-1004,C-1810,1992000,1992000,0,0,0,14,2024-04-09,2024-04-23
TXN000970,CUST3458,PROJ-1001,D-2511,341000,341000,0,0,0,10,2025-08-11,2025-08-21
TXN002259,CUST7228,PROJ-1008,C-0109,1184000,1184000,0,0,0,24,2024-01-31,2024-02-24
TXN000592,CUST1739,PROJ-1001,B-2706,1649000,1649000,0,0,45000,6,2024-04-09,2024-04-15
TXN001363,CUST8961,PROJ-1004,D-0809,2346000,1204000,1142000,0,0,1,2025-12-07,2025-12-08
TXN000713,CUST3200,PROJ-1002,A-1008,1737000,1737000,0,0,0,6,2024-12-10,2024-12-16
TXN000305,CUST5408,PROJ-1004,D-1701,549000,549000,0,0,0,3,2024-01-09,2024-01-12
TXN000099,CUST8344,PROJ-1008,C-1710,537000,537000,0,0,0,7,2025-11-05,2025-11-12
TXN000763,CUST8036,PROJ-1006,C-1211,1131000,483000,648000,0,0,28,2024-02-28,2024-03-27
TXN002526,CUST6255,PROJ-1003,B-1701,1308000,907000,401000,-284000,0,22,2024-12-19,2025-01-10
TXN002453,CUST6976,PROJ-1007,E-2703,1364000,1346000,0,18000,0,6,2025-11-16,2025-11-22
TXN001488,CUST3140,PROJ-1004,B-0111,371000,266000,105000,0,0,2,2025-07-15,2025-07-17
TXN000058,CUST2402,PROJ-1004,B-2407,1082000,535000,547000,0,0,1,2024-01-18,2024-01-19
TXN002439,CUST6613,PROJ-1004,C-2112,824000,800000,0,24000,0,9,2024-08-07,2024-08-16
TXN001510,CUST2772,PROJ-1001,C-2301,589000,589000,0,0,0,0,2024-09-09,2024-09-09
TXN001138,CUST6690,PROJ-1001,D-2808,2096000,940000,1108000,48000,0,3,2024-01-27,2024-01-30
TXN001017,CUST6359,PROJ-1008,C-1702,1187000,490000,697000,0,0,4,2025-06-18,2025-06-22
TXN002056,CUST6415,PROJ-1005,D-2209,838000,345000,493000,0,0,3,2024-06-25,2024-06-28
TXN001670,CUST7244,PROJ-1004,A-0401,631000,0,625000,6000,0,7,2025-07-20,
TXN001827,CUST2546,PROJ-1006,B-3003,929000,194000,711000,24000,0,1,2025-11-24,2025-11-25
TXN000961,CUST5598,PROJ-1001,C-0304,1620000,1620000,0,0,0,3,2025-01-05,2025-01-08
TXN001386,CUST3453,PROJ-1001,C-1107,564000,564000,0,0,0,7,2024-03-28,2024-04-04
TXN002272,CUST9102,PROJ-1007,B-1407,1343000,922000,421000,0,0,5,2025-04-29,2025-05-04
TXN000002,CUST4582,PROJ-1002,B-1710,594000,594000,0,0,0,6,2024-08-13,2024-08-19
TXN001169,CUST2616,PROJ-1004,D-0604,877000,877000,0,0,0,0,2025-09-19,2025-09-19
TXN001698,CUST6354,PROJ-1008,C-2909,1002000,1002000,0,0,0,6,2024-12-10,2024-12-16
TXN002135,CUST9786,PROJ-1005,E-1408,2492000,2379000,0,113000,0,1,2024-07-31,2024-08-01
TXN000188,CUST1256,PROJ-1007,B-0702,318000,110000,208000,0,0,5,2024-02-15,2024-02-20
TXN000138,CUST2033,PROJ-1003,D-0205,646000,646000,0,0,0,7,2024-11-13,2024-11-20
TXN002105,CUST7612,PROJ-1005,A-0905,386000,386000,0,0,0,4,2025-04-13,2025-04-17
TXN000110,CUST1897,PROJ-1007,A-0705,744000,744000,0,0,0,13,2025-05-24,2025-06-06
TXN001372,CUST9020,PROJ-1001,B-2607,905000,877000,0,28000,0,12,2025-03-13,2025-03-25
TXN001899,CUST2567,PROJ-1001,C-0611,782000,782000,0,0,0,19,2024-01-26,2024-02-14
TXN000845,CUST4724,PROJ-1005,D-3003,896000,896000,0,0,0,5,2024-08-04,2024-08-09
TXN000602,CUST4335,PROJ-1002,D-0905,869000,869000,0,0,0,2,2024-06-02,2024-06-04
TXN002050,CUST9700,PROJ-1004,C-1605,769000,475000,294000,0,0,17,2024-03-06,2024-03-23
TXN000311,CUST5237,PROJ-1003,E-2503,1486000,1455000,0,31000,0,5,2024-12-05,2024-12-10
TXN002497,CUST2347,PROJ-1001,D-1205,1793000,1793000,567000,0,0,1,2025-09-26,2025-09-27
TXN002019,CUST1704,PROJ-1007,B-2808,1762000,1762000,0,0,0,3,2024-11-25,2024-11-28
TXN000777,CUST8987,PROJ-1003,D-1011,623000,495000,128000,0,0,5,2025-02-04,2025-02-09
TXN001223,CUST6147,PROJ-1008,E-2909,797000,797000,0,0,0,13,2024-03-03,2024-03-16
TXN000907,CUST2819,PROJ-1004,B-0401,440000,440000,0,0,0,12,2025-09-27,2025-10-09
TXN001500,CUST7008,PROJ-1004,C-2407,301000,168000,133000,0,0,14,2024-05-11,2024-05-25
TXN000764,CUST2641,PROJ-1006,A-1512,1260000,1260000,0,0,0,19,2024-05-05,2024-05-24
TXN001186,CUST3180,PROJ-1007,E-0704,800000,536000,264000,0,0,22,2025-01-07,2025-01-29
TXN002200,CUST8992,PROJ-1003,B-0906,1031000,1031000,0,0,0,11,2025-01-09,2025-01-20
TXN002161,CUST1126,PROJ-1003,D-1403,1126000,671000,455000,0,0,3,2024-05-23,2024-05-26
TXN002093,CUST8195,PROJ-1003,B-0409,1087000,1087000,0,0,0,16,2025-08-01,2025-08-17
TXN000464,CUST8400,PROJ-1008,A-2409,394000,111000,283000,0,0,4,2025-02-27,2025-03-03
TXN002595,CUST3627,PROJ-1005,B-0701,585000,289000,366000,13000,0,8,2024-05-29,2024-06-06
TXN002143,CUST9087,PROJ-1007,E-0701,432000,432000,0,0,0,8,2024-10-16,2024-10-24
TXN002418,CUST9627,PROJ-1005,D-2203,965000,261000,704000,0,0,9,2025-09-23,2025-10-02
TXN001694,CUST6413,PROJ-1005,C-2805,922000,353000,569000,0,0,5,2024-05-04,2024-05-09
TXN002242,CUST6085,PROJ-1003,D-1806,1700000,0,1700000,0,0,4,2025-05-25,
TXN002545,CUST5075,PROJ-1005,E-0811,314000,311000,0,3000,83000,9,2024-11-10,2024-11-19
TXN001484,CUST9850,PROJ-1004,B-1109,1080000,694000,386000,0,0,3,2025-05-19,2025-05-22
TXN000212,CUST2499,PROJ-1002,A-1008,1598000,1598000,0,0,0,8,2025-04-04,2025-04-12
TXN002505,CUST6287,PROJ-1006,A-0307,1065000,0,1031000,34000,-367000,10,2025-04-22,
TXN000958,CUST9724,PROJ-1007,A-2205,584000,0,584000,0,0,8,2024-12-10,
TXN000983,CUST1109,PROJ-1004,D-2701,1013000,1013000,0,0,0,7,2025-03-31,2025-04-07
TXN000081,CUST6383,PROJ-1002,E-1306,1067000,0,1058000,9000,0,2,2024-08-20,
TXN000350,CUST9037,PROJ-1005,E-1806,467000,467000,0,0,0,2,2025-06-01,2025-06-03
TXN000752,CUST7292,PROJ-1006,D-1011,1149000,0,1149000,0,0,18,2025-01-29,
TXN000211,CUST2404,PROJ-1007,E-1004,343000,100000,243000,0,0,4,2025-02-02,2025-02-06
TXN002426,CUST8938,PROJ-1007,C-3012,1164000,1164000,0,0,0,13,2024-12-06,2024-12-19
TXN001787,CUST3935,PROJ-1001,B-0308,1970000,1394000,576000,0,0,15,2024-03-16,2024-03-31
TXN002220,CUST8925,PROJ-1004,A-1402,492000,0,492000,0,0,13,2025-06-13,
TXN000820,CUST3735,PROJ-1001,E-0912,904000,565000,311000,28000,0,7,2025-02-11,2025-02-18
TXN001404,CUST8564,PROJ-1002,E-2807,2100000,1677000,423000,0,20000,8,2024-01-31,2024-02-08
TXN001483,CUST6356,PROJ-1007,E-0311,1048000,414000,634000,0,0,12,2025-01-07,2025-01-19
TXN001597,CUST1872,PROJ-1008,E-0504,317000,317000,0,0,0,0,2025-11-27,2025-11-27
TXN001054,CUST6534,PROJ-1002,C-1407,396000,289000,107000,0,0,27,2025-03-19,2025-04-15
TXN001418,CUST7600,PROJ-1003,E-2310,2313000,1669000,644000,0,0,4,2025-11-03,2025-11-07
TXN001955,CUST9438,PROJ-1003,E-2809,919000,624000,256000,39000,0,10,2025-11-17,2025-11-27
TXN000966,CUST6789,PROJ-1001,E-2301,1492000,1492000,0,0,0,1,2025-06-07,2025-06-08
TXN000243,CUST3604,PROJ-1005,C-0311,1063000,1026000,0,37000,0,4,2025-10-02,2025-10-06
TXN001439,CUST8401,PROJ-1004,B-2205,509000,509000,0,0,0,13,2025-04-19,2025-05-02
TXN002566,CUST8676,PROJ-1008,A-2502,1010000,1010000,0,0,521000,4,2025-05-07,2025-05-11
TXN002379,CUST5558,PROJ-1006,D-2204,2122000,2122000,0,0,0,5,2024-02-26,2024-03-02
TXN001976,CUST4969,PROJ-1005,D-1103,844000,298000,546000,0,0,12,2024-03-22,2024-04-03
TXN000041,CUST7291,PROJ-1004,D-1304,606000,404000,202000,0,0,2,2024-08-12,2024-08-14
TXN001889,CUST7825,PROJ-1008,D-0903,533000,533000,0,0,0,26,2025-05-04,2025-05-30
TXN000536,CUST3589,PROJ-1003,A-1609,337000,337000,0,0,0,6,2024-11-29,2024-12-05
TXN001395,CUST3799,PROJ-1005,E-1911,1227000,341000,886000,0,33000,6,2025-06-25,2025-07-01
TXN001140,CUST5532,PROJ-1004,D-2601,1280000,379000,901000,0,0,14,2025-07-25,2025-08-08
TXN001264,CUST1549,PROJ-1008,C-1409,570000,560000,0,10000,0,7,2025-02-14,2025-02-21
TXN000176,CUST3198,PROJ-1008,E-1505,718000,453000,265000,0,0,13,2024-01-15,2024-01-28
TXN001237,CUST5970,PROJ-1004,C-1501,1194000,1194000,0,0,0,4,2024-01-25,2024-01-29
TXN001182,CUST7336,PROJ-1005,D-3012,1114000,0,1114000,0,0,15,2025-04-10,
TXN000174,CUST9767,PROJ-1004,A-3003,1378000,1314000,0,64000,0,2,2025-05-22,2025-05-24
TXN000037,CUST2146,PROJ-1007,C-2006,457000,457000,0,0,0,4,2025-12-14,2025-12-18
TXN002345,CUST4776,PROJ-1001,C-0505,908000,321000,565000,22000,0,2,2024-07-14,2024-07-16
TXN001977,CUST7016,PROJ-1008,C-2201,1020000,516000,504000,0,0,1,2024-05-30,2024-05-31
TXN002462,CUST8911,PROJ-1008,A-2410,521000,521000,0,0,0,3,2025-07-10,2025-07-13
TXN000171,CUST5201,PROJ-1008,D-0704,1569000,1569000,0,0,0,13,2025-09-22,2025-10-05
TXN000554,CUST8503,PROJ-1008,C-1903,980000,980000,0,0,0,14,2024-10-22,2024-11-05
TXN001405,CUST7799,PROJ-1006,A-1803,2099000,2099000,0,0,0,10,2025-04-28,2025-05-08
TXN001377,CUST5360,PROJ-1003,E-2309,2241000,0,2241000,0,0,5,2025-04-08,
TXN000765,CUST5072,PROJ-1005,C-1510,1040000,0,1040000,0,0,0,2024-11-25,
TXN002528,CUST3845,PROJ-1004,E-2111,891000,891000,0,0,22000,-3,2025-02-24,2025-02-21
TXN000740,CUST1719,PROJ-1006,A-2904,816000,0,816000,0,0,17,2025-12-30,
TXN001403,CUST1642,PROJ-1004,D-2801,344000,344000,0,0,0,30,2024-12-01,2024-12-31
TXN002563,CUST9010,PROJ-1006,D-0802,343000,333000,0,10000,0,-6,2025-02-20,2025-02-14
TXN000274,CUST7868,PROJ-1003,B-2109,1170000,486000,684000,0,0,14,2025-07-11,2025-07-25
TXN002446,CUST1644,PROJ-1001,A-1512,501000,501000,0,0,0,7,2024-02-04,2024-02-11
TXN001561,CUST2825,PROJ-1002,B-0703,799000,628000,171000,0,0,25,2025-11-29,2025-12-24
TXN001559,CUST7037,PROJ-1003,C-1703,934000,906000,0,28000,0,5,2024-09-16,2024-09-21
TXN002248,CUST6490,PROJ-1002,E-2910,653000,0,653000,0,0,7,2025-12-24,
TXN001803,CUST6297,PROJ-1008,B-1109,1229000,1229000,0,0,0,0,2024-05-07,2024-05-07
TXN002147,CUST4365,PROJ-1002,E-1301,470000,118000,352000,0,0,1,2025-05-22,2025-05-23
TXN001839,CUST5918,PROJ-1006,E-2702,1892000,1892000,0,0,0,0,2024-02-21,2024-02-21
TXN000391,CUST9813,PROJ-1005,E-0912,895000,695000,200000,0,0,11,2025-04-14,2025-04-25
TXN001073,CUST2831,PROJ-1005,B-1207,949000,949000,0,0,0,4,2024-04-09,2024-04-13
TXN001194,CUST2590,PROJ-1008,A-0507,898000,898000,0,0,0,24,2025-01-06,2025-01-30
TXN000955,CUST8966,PROJ-1007,C-0304,1146000,1146000,0,0,0,13,2025-01-16,2025-01-29
TXN002291,CUST2805,PROJ-1002,C-1010,450000,450000,0,0,0,2,2025-12-25,2025-12-27
TXN000132,CUST8349,PROJ-1008,E-0102,434000,0,434000,0,0,16,2025-09-15,
TXN001303,CUST5947,PROJ-1003,D-0803,419000,419000,0,0,0,6,2025-12-30,2026-01-05
TXN000754,CUST5043,PROJ-1007,B-1601,1462000,1462000,0,0,32000,6,2025-09-11,2025-09-17
TXN002052,CUST7298,PROJ-1001,A-2404,1403000,1403000,0,0,0,9,2025-08-11,2025-08-20
TXN001183,CUST8441,PROJ-1003,E-2906,751000,0,751000,0,0,8,2025-02-01,
TXN001782,CUST7488,PROJ-1004,B-1910,1539000,1539000,0,0,0,0,2024-12-15,2024-12-15
TXN000967,CUST6337,PROJ-1004,E-1211,575000,575000,0,0,0,9,2024-11-30,2024-12-09
TXN000626,CUST8949,PROJ-1006,D-1602,730000,730000,0,0,0,13,2024-06-21,2024-07-04
TXN002256,CUST4015,PROJ-1003,D-1407,1040000,1040000,0,0,0,2,2025-12-05,2025-12-07
TXN000823,CUST5781,PROJ-1004,A-2103,1772000,0,1693000,79000,0,17,2024-08-03,
TXN001314,CUST6376,PROJ-1005,E-1008,554000,146000,408000,0,0,8,2024-05-31,2024-06-08
TXN001719,CUST2953,PROJ-1001,E-1509,424000,424000,0,0,0,0,2025-09-20,2025-09-20
TXN001414,CUST8952,PROJ-1002,D-1409,821000,821000,0,0,0,1,2024-02-11,2024-02-12
TXN001950,CUST1181,PROJ-1002,E-1006,538000,538000,0,0,0,28,2024-10-24,2024-11-21
TXN000413,CUST8052,PROJ-1001,C-2004,587000,587000,0,0,0,3,2025-02-08,2025-02-11
TXN001628,CUST2547,PROJ-1006,D-0402,1915000,1915000,0,0,0,13,2024-03-24,2024-04-06
TXN000022,CUST5673,PROJ-1008,D-2312,2388000,2388000,0,0,0,8,2024-02-29,2024-03-08
TXN001056,CUST5502,PROJ-1007,B-0909,509000,509000,0,0,0,3,2025-02-20,2025-02-23
TXN001112,CUST1638,PROJ-1008,A-2004,1190000,1190000,0,0,0,25,2024-06-27,2024-07-22
TXN000815,CUST4473,PROJ-1006,C-1605,1211000,1211000,0,0,0,4,2024-12-08,2024-12-12
TXN001469,CUST9829,PROJ-1008,D-0905,745000,745000,0,0,0,4,2025-11-16,2025-11-20
TXN002440,CUST3484,PROJ-1006,B-2803,1769000,1769000,0,0,0,13,2025-11-21,2025-12-04
TXN002063,CUST8942,PROJ-1008,E-2908,886000,886000,0,0,0,5,2024-08-02,2024-08-07
TXN002058,CUST6855,PROJ-1001,A-1407,1068000,766000,302000,0,0,0,2024-09-23,2024-09-23
TXN000069,CUST5982,PROJ-1008,D-0909,2036000,1305000,731000,0,0,3,2025-09-10,2025-09-13
TXN000869,CUST7723,PROJ-1007,C-1209,1049000,0,1049000,0,0,13,2025-04-14,
TXN002452,CUST5391,PROJ-1002,E-0104,327000,327000,0,0,0,14,2025-01-07,2025-01-21
TXN001057,CUST3126,PROJ-1007,C-0908,2331000,2331000,0,0,0,3,2024-11-28,2024-12-01
TXN001322,CUST9034,PROJ-1007,A-0910,1445000,1445000,0,0,0,0,2024-05-21,2024-05-21
TXN002123,CUST4517,PROJ-1002,B-0812,1533000,613000,920000,0,0,4,2024-08-09,2024-08-13
TXN002374,CUST7904,PROJ-1006,A-0310,2052000,1634000,418000,0,0,7,2024-03-29,2024-04-05
TXN002387,CUST4524,PROJ-1003,E-0702,1462000,1462000,0,0,0,21,2025-07-14,2025-08-04
TXN000402,CUST5111,PROJ-1005,E-2810,509000,503000,0,6000,0,1,2025-10-06,2025-10-07
TXN000700,CUST6098,PROJ-1006,E-2909,755000,755000,0,0,0,7,2024-01-09,2024-01-16
TXN002411,CUST1922,PROJ-1004,E-1112,732000,732000,0,0,0,3,2025-07-23,2025-07-26
TXN000055,CUST3506,PROJ-1008,D-0612,2364000,2364000,0,0,0,6,2025-05-10,2025-05-16
TXN000897,CUST3788,PROJ-1004,A-0712,1656000,0,1656000,0,0,8,2024-02-23,
TXN000245,CUST6629,PROJ-1001,A-2807,1101000,1077000,0,24000,0,5,2024-11-16,2024-11-21
TXN002027,CUST5328,PROJ-1007,C-0702,1528000,1528000,0,0,0,12,2024-11-22,2024-12-04
TXN000774,CUST9515,PROJ-1003,E-1904,507000,183000,302000,22000,0,7,2024-08-12,2024-08-19
TXN001549,CUST5805,PROJ-1001,D-1311,1624000,1624000,0,0,0,7,2025-03-17,2025-03-24
TXN001319,CUST2649,PROJ-1002,A-0312,379000,379000,0,0,0,10,2025-12-15,2025-12-25
TXN001449,CUST9312,PROJ-1005,C-2103,1725000,1725000,0,0,0,10,2025-07-20,2025-07-30
TXN000146,CUST8311,PROJ-1005,B-2005,710000,317000,362000,31000,0,15,2024-03-30,2024-04-14
TXN001474,CUST3360,PROJ-1008,D-2812,1044000,1044000,0,0,0,10,2024-10-26,2024-11-05
TXN001408,CUST4790,PROJ-1004,D-1708,1679000,1660000,0,19000,0,25,2024-06-10,2024-07-05
TXN000822,CUST1145,PROJ-1004,E-1509,1543000,820000,723000,0,0,3,2024-06-24,2024-06-27
TXN001831,CUST8181,PROJ-1004,E-0310,600000,589000,0,11000,0,4,2025-03-23,2025-03-27
TXN000301,CUST1920,PROJ-1006,E-2603,463000,238000,225000,0,0,0,2025-08-05,2025-08-05
TXN001632,CUST5825,PROJ-1004,E-0511,742000,742000,0,0,0,4,2024-10-11,2024-10-15
TXN001050,CUST7974,PROJ-1005,C-2205,585000,585000,0,0,0,4,2025-04-02,2025-04-06
TXN000280,CUST2817,PROJ-1003,E-2806,496000,496000,0,0,0,4,2024-12-10,2024-12-14
TXN002539,CUST6805,PROJ-1005,D-0206,1766000,1766000,581000,0,0,7,2024-04-01,2024-04-08
TXN001630,CUST9765,PROJ-1008,E-2804,587000,587000,0,0,0,6,2025-08-18,2025-08-24
TXN002551,CUST2358,PROJ-1007,C-0508,1141000,815000,71000,255000,0,4,2024-11-06,2024-11-10
TXN001070,CUST6427,PROJ-1002,B-0808,304000,304000,0,0,0,30,2025-06-16,2025-07-16
TXN000817,CUST4441,PROJ-1005,E-1302,368000,368000,0,0,0,15,2025-11-01,2025-11-16
TXN000318,CUST8105,PROJ-1006,B-1108,1587000,0,1587000,0,0,0,2025-02-17,
TXN000628,CUST7458,PROJ-1002,C-1902,961000,936000,0,25000,0,27,2025-10-05,2025-11-01
TXN001118,CUST7616,PROJ-1002,C-2910,431000,171000,260000,0,0,11,2025-04-18,2025-04-29
TXN000314,CUST2324,PROJ-1003,D-1111,929000,280000,649000,0,11000,7,2024-06-11,2024-06-18
TXN001887,CUST4042,PROJ-1001,D-1002,1328000,571000,757000,0,0,8,2024-06-14,2024-06-22
TXN001953,CUST3998,PROJ-1003,B-1407,1103000,1103000,0,0,0,6,2025-06-08,2025-06-14
TXN000930,CUST7401,PROJ-1008,A-3002,1224000,1224000,0,0,0,3,2025-07-13,2025-07-16
TXN001243,CUST2036,PROJ-1008,B-0702,1211000,1211000,0,0,0,5,2025-04-21,2025-04-26
TXN002416,CUST2300,PROJ-1003,B-1211,685000,685000,0,0,0,4,2025-12-27,2025-12-31
TXN001053,CUST1665,PROJ-1008,A-1106,377000,98000,279000,0,0,29,2025-06-08,2025-07-07
TXN001260,CUST5148,PROJ-1001,E-0412,2030000,1979000,0,51000,0,4,2025-09-07,2025-09-11
TXN001854,CUST6207,PROJ-1003,A-2411,1081000,1081000,0,0,0,7,2024-01-04,2024-01-11
TXN000292,CUST2584,PROJ-1003,A-2206,1868000,1868000,0,0,0,15,2025-01-31,2025-02-15
TXN000177,CUST4164,PROJ-1005,B-2011,1367000,1367000,0,0,0,2,2024-04-07,2024-04-09
TXN000889,CUST2878,PROJ-1001,B-2606,1329000,1329000,0,0,0,5,2025-01-15,2025-01-20
TXN002179,CUST1244,PROJ-1007,B-0903,1274000,693000,517000,64000,0,11,2024-12-12,2024-12-23
TXN001777,CUST7902,PROJ-1004,A-2802,851000,851000,0,0,0,6,2024-07-05,2024-07-11
TXN002266,CUST7298,PROJ-1001,B-2901,561000,561000,0,0,5000,22,2024-06-25,2024-07-17
TXN000939,CUST5103,PROJ-1001,A-0212,531000,400000,131000,0,0,1,2024-11-24,2024-11-25
TXN000959,CUST1448,PROJ-1004,C-2410,948000,649000,299000,0,0,5,2025-07-20,2025-07-25
TXN000981,CUST2629,PROJ-1006,C-1003,451000,168000,283000,0,0,30,2024-09-22,2024-10-22
TXN002481,CUST5897,PROJ-1006,D-1402,356000,223000,0,133000,0,5,2025-04-05,2025-04-10
TXN002288,CUST3048,PROJ-1003,D-1504,391000,272000,119000,0,0,24,2025-06-27,2025-07-21
TXN000559,CUST8243,PROJ-1003,C-2302,542000,526000,0,16000,0,6,2024-08-13,2024-08-19
TXN001242,CUST8807,PROJ-1001,B-0102,423000,154000,269000,0,0,12,2024-01-24,2024-02-05
TXN001432,CUST8219,PROJ-1008,D-2005,670000,420000,218000,32000,0,11,2025-02-25,2025-03-08
TXN002532,CUST8955,PROJ-1003,E-1709,1206000,1206000,237000,0,0,11,2025-02-04,2025-02-15
TXN002185,CUST7848,PROJ-1001,A-2210,356000,356000,0,0,0,3,2025-09-25,2025-09-28
TXN000008,CUST5386,PROJ-1007,A-0710,1023000,0,1023000,0,0,4,2025-04-14,
TXN000905,CUST2938,PROJ-1005,E-0306,722000,702000,0,20000,0,5,2024-10-06,2024-10-11
TXN002380,CUST2445,PROJ-1004,E-1307,462000,462000,0,0,0,9,2025-07-19,2025-07-28
TXN000535,CUST1885,PROJ-1001,C-1004,764000,173000,591000,0,0,24,2024-02-23,2024-03-18
TXN001099,CUST5243,PROJ-1004,C-2012,374000,365000,0,9000,0,16,2024-02-19,2024-03-06
TXN001856,CUST9942,PROJ-1007,D-1705,1615000,883000,732000,0,0,3,2025-10-16,2025-10-19
TXN001122,CUST5182,PROJ-1003,C-2608,1957000,1957000,0,0,0,3,2025-06-15,2025-06-18
TXN001014,CUST2269,PROJ-1004,E-0502,894000,867000,0,27000,0,14,2025-10-22,2025-11-05
TXN002347,CUST5168,PROJ-1007,A-1707,1651000,505000,1146000,0,0,26,2025-09-27,2025-10-23
TXN000514,CUST1138,PROJ-1001,A-0107,575000,561000,0,14000,0,0,2024-07-16,2024-07-16
TXN001424,CUST5664,PROJ-1001,A-2906,1196000,1182000,0,14000,0,0,2024-12-15,2024-12-15
TXN000954,CUST7011,PROJ-1005,E-1011,1152000,1152000,0,0,0,0,2024-04-16,2024-04-16
TXN001127,CUST4312,PROJ-1007,C-0207,1209000,581000,628000,0,0,12,2024-05-19,2024-05-31
TXN000928,CUST3234,PROJ-1008,B-2911,916000,0,916000,0,0,19,2025-05-11,
TXN000446,CUST3389,PROJ-1008,D-0204,992000,330000,625000,37000,0,24,2025-09-27,2025-10-21
TXN000945,CUST7540,PROJ-1005,E-0209,547000,120000,427000,0,0,3,2025-03-07,2025-03-10
TXN000741,CUST5127,PROJ-1003,A-2006,1211000,1211000,0,0,0,10,2024-06-28,2024-07-08
TXN000363,CUST3496,PROJ-1005,E-1906,1249000,716000,509000,24000,0,17,2024-10-10,2024-10-27
TXN000702,CUST8657,PROJ-1008,E-2306,2187000,2187000,0,0,0,1,2024-06-15,2024-06-16
TXN001673,CUST2738,PROJ-1001,E-1005,963000,282000,681000,0,0,30,2025-11-11,2025-12-11
TXN001878,CUST2843,PROJ-1004,E-1804,1287000,1287000,0,0,0,0,2024-08-13,2024-08-13
TXN000527,CUST1235,PROJ-1003,B-2101,1661000,1661000,0,0,0,0,2025-08-28,2025-08-28
TXN002218,CUST4229,PROJ-1001,A-2011,354000,354000,0,0,0,6,2024-10-15,2024-10-21
TXN001423,CUST9519,PROJ-1004,E-0806,1759000,1759000,0,0,0,22,2025-11-04,2025-11-26
TXN000319,CUST4675,PROJ-1004,B-0712,565000,553000,0,12000,0,3,2025-10-17,2025-10-20
TXN002444,CUST9014,PROJ-1008,B-1002,1733000,0,1733000,0,0,6,2025-06-14,
TXN000544,CUST1260,PROJ-1002,D-2205,1082000,1082000,0,0,0,6,2025-04-10,2025-04-16
TXN001948,CUST7784,PROJ-1005,D-0511,1292000,1006000,286000,0,0,5,2024-03-09,2024-03-14
TXN001701,CUST4118,PROJ-1007,C-1906,502000,378000,124000,0,0,3,2025-09-16,2025-09-19
TXN002433,CUST9476,PROJ-1004,C-2210,785000,785000,0,0,0,8,2024-11-22,2024-11-30
TXN000874,CUST7792,PROJ-1001,A-0101,993000,388000,605000,0,0,27,2024-06-23,2024-07-20
TXN001325,CUST4943,PROJ-1004,D-0512,639000,619000,0,20000,0,1,2025-04-04,2025-04-05
TXN000040,CUST2530,PROJ-1006,B-2205,809000,803000,0,6000,0,6,2024-03-15,2024-03-21
TXN002145,CUST2185,PROJ-1001,E-2001,906000,863000,0,43000,0,4,2024-12-03,2024-12-07
TXN001419,CUST2468,PROJ-1008,E-1003,1768000,1768000,0,0,0,4,2024-05-30,2024-06-03
TXN001677,CUST3432,PROJ-1006,A-2911,415000,210000,205000,0,0,11,2024-10-20,2024-10-31
TXN000854,CUST3496,PROJ-1002,E-2108,308000,0,294000,14000,0,15,2024-03-30,
TXN001163,CUST6543,PROJ-1002,B-1203,1115000,1115000,0,0,0,15,2025-05-06,2025-05-21
TXN001730,CUST7694,PROJ-1003,B-2710,1496000,1496000,0,0,0,4,2024-03-18,2024-03-22
TXN000027,CUST9666,PROJ-1005,A-2209,1777000,1777000,0,0,0,21,2024-04-28,2024-05-19
TXN000837,CUST5562,PROJ-1007,B-0306,791000,791000,0,0,0,12,2025-05-07,2025-05-19
TXN001006,CUST6272,PROJ-1004,D-2308,2164000,2164000,0,0,0,6,2024-04-17,2024-04-23
TXN001109,CUST6871,PROJ-1008,C-1404,695000,695000,0,0,0,26,2024-04-24,2024-05-20
TXN000563,CUST7809,PROJ-1008,D-1003,1264000,1264000,0,0,0,2,2024-03-29,2024-03-31
TXN002070,CUST6242,PROJ-1003,E-2807,1580000,464000,1078000,38000,0,0,2025-03-15,2025-03-15
TXN002355,CUST1327,PROJ-1007,A-1308,1073000,1073000,0,0,0,12,2024-10-17,2024-10-29
TXN001717,CUST3947,PROJ-1002,B-1110,480000,480000,0,0,0,23,2024-09-17,2024-10-10
TXN001704,CUST7661,PROJ-1005,B-2102,458000,458000,0,0,0,13,2025-05-31,2025-06-13
TXN001060,CUST8971,PROJ-1002,E-1202,1155000,1155000,0,0,0,6,2025-11-21,2025-11-27
TXN001193,CUST3593,PROJ-1007,E-1811,1234000,0,1234000,0,0,4,2024-04-26,
TXN000218,CUST5592,PROJ-1007,D-1202,1419000,752000,667000,0,0,26,2025-04-17,2025-05-13
TXN001727,CUST4820,PROJ-1007,C-0608,997000,0,997000,0,0,4,2025-08-03,
TXN000686,CUST3044,PROJ-1001,D-1204,510000,0,510000,0,6000,6,2025-01-01,
TXN000325,CUST2635,PROJ-1001,B-2801,1178000,303000,875000,0,0,0,2024-02-16,2024-02-16
TXN000106,CUST5381,PROJ-1001,A-0605,1766000,1766000,0,0,47000,1,2025-02-14,2025-02-15
TXN000651,CUST1687,PROJ-1002,E-0403,408000,408000,0,0,0,14,2025-03-28,2025-04-11
TXN000618,CUST7259,PROJ-1008,B-1404,1452000,655000,797000,0,0,14,2025-02-22,2025-03-08
TXN000793,CUST7203,PROJ-1004,A-2602,1152000,569000,583000,0,0,5,2025-06-25,2025-06-30
TXN002139,CUST5786,PROJ-1007,E-1502,1860000,1860000,0,0,0,3,2025-07-17,2025-07-20
TXN002131,CUST7854,PROJ-1008,B-2411,1471000,657000,814000,0,0,7,2024-12-02,2024-12-09
TXN002384,CUST3315,PROJ-1001,C-1706,881000,459000,422000,0,0,5,2024-03-21,2024-03-26
TXN000683,CUST8417,PROJ-1005,C-0811,1158000,1158000,0,0,0,1,2025-12-09,2025-12-10
TXN002431,CUST2639,PROJ-1002,E-1702,1007000,1007000,0,0,0,4,2025-12-05,2025-12-09
TXN002012,CUST4222,PROJ-1003,A-1502,1209000,1209000,0,0,0,8,2024-09-06,2024-09-14
TXN001328,CUST8594,PROJ-1008,D-2612,1271000,1246000,0,25000,0,27,2024-11-18,2024-12-15
TXN001172,CUST4356,PROJ-1005,C-1412,518000,162000,356000,0,0,3,2025-05-14,2025-05-17
TXN001293,CUST2474,PROJ-1004,B-0310,1105000,1105000,0,0,0,4,2024-06-01,2024-06-05
TXN002304,CUST5022,PROJ-1008,D-2001,1285000,587000,698000,0,0,0,2024-07-07,2024-07-07
TXN001860,CUST1281,PROJ-1003,D-2212,1640000,427000,1213000,0,0,9,2025-12-28,2026-01-06
TXN000745,CUST5556,PROJ-1003,C-2101,1870000,1870000,0,0,0,4,2024-12-05,2024-12-09
TXN001146,CUST6305,PROJ-1002,B-1501,1175000,370000,747000,58000,12000,6,2024-08-19,2024-08-25
TXN001821,CUST8559,PROJ-1001,B-2008,399000,399000,0,0,0,1,2024-06-13,2024-06-14
TXN001898,CUST4812,PROJ-1007,A-1203,523000,163000,360000,0,10000,13,2024-07-03,2024-07-16
TXN000956,CUST1587,PROJ-1003,B-2308,620000,594000,0,26000,0,15,2024-11-03,2024-11-18
TXN000596,CUST9237,PROJ-1008,C-0610,1181000,926000,255000,0,0,17,2024-03-18,2024-04-04
TXN000516,CUST2816,PROJ-1003,B-0905,1193000,0,1193000,0,0,13,2024-10-10,
TXN000228,CUST4228,PROJ-1006,D-0405,1053000,1053000,0,0,0,9,2025-02-05,2025-02-14
TXN000173,CUST7666,PROJ-1003,D-1611,901000,0,901000,0,0,20,2024-04-01,
TXN001712,CUST8989,PROJ-1005,B-0801,884000,884000,0,0,0,7,2024-05-10,2024-05-17
TXN000710,CUST8711,PROJ-1002,E-0303,1814000,1814000,0,0,0,7,2025-05-25,2025-06-01
TXN000654,CUST4738,PROJ-1007,B-2607,929000,929000,0,0,0,5,2025-11-29,2025-12-04
TXN000349,CUST3131,PROJ-1005,B-1905,473000,473000,0,0,0,9,2024-11-26,2024-12-05
TXN001968,CUST3461,PROJ-1007,E-0610,1077000,1029000,0,48000,0,4,2025-06-23,2025-06-27
TXN000102,CUST8046,PROJ-1004,D-2904,855000,331000,524000,0,0,11,2024-11-16,2024-11-27
TXN002249,CUST7834,PROJ-1008,D-0304,913000,871000,0,42000,23000,11,2024-05-20,2024-05-31
TXN002128,CUST5917,PROJ-1007,A-0908,1030000,304000,726000,0,0,14,2025-03-28,2025-04-11
TXN002271,CUST9301,PROJ-1005,B-2605,1479000,1134000,345000,0,0,2,2025-10-07,2025-10-09
TXN000461,CUST7232,PROJ-1001,C-1310,2245000,501000,1744000,0,0,6,2024-04-21,2024-04-27
TXN000601,CUST9556,PROJ-1001,B-1208,852000,821000,0,31000,0,18,2024-11-22,2024-12-10
TXN001548,CUST1805,PROJ-1001,A-2011,1632000,0,1632000,0,0,5,2024-09-13,
TXN000646,CUST8675,PROJ-1006,B-2905,937000,635000,302000,0,0,10,2024-06-14,2024-06-24
TXN000298,CUST3356,PROJ-1007,E-2011,541000,124000,417000,0,0,24,2025-05-01,2025-05-25
TXN000948,CUST9316,PROJ-1008,B-2106,1001000,0,1001000,0,0,1,2024-01-22,
TXN000974,CUST7678,PROJ-1004,E-2203,1546000,1546000,0,0,0,6,2025-02-22,2025-02-28
TXN000794,CUST5440,PROJ-1005,E-0401,933000,933000,0,0,0,28,2025-11-25,2025-12-23
TXN000303,CUST1500,PROJ-1002,B-1208,1936000,1850000,0,86000,0,16,2024-06-16,2024-07-02
TXN000747,CUST9055,PROJ-1002,A-0701,814000,259000,545000,10000,0,1,2025-06-03,2025-06-04
TXN001567,CUST5568,PROJ-1003,C-0911,1074000,1074000,0,0,0,20,2025-07-01,2025-07-21
TXN002588,CUST9882,PROJ-1007,D-1702,339000,339000,85000,0,0,3,2025-03-12,2025-03-15
TXN000671,CUST5544,PROJ-1008,A-2803,600000,600000,0,0,0,1,2025-10-22,2025-10-23
TXN001949,CUST2427,PROJ-1005,E-1209,2198000,0,2181000,17000,0,18,2024-06-19,
TXN001788,CUST9664,PROJ-1005,E-0711,1948000,0,1948000,0,0,16,2025-08-17,
TXN001873,CUST3982,PROJ-1001,C-1801,1768000,0,1768000,0,0,0,2024-02-02,
TXN000136,CUST7116,PROJ-1007,C-2401,1627000,1601000,0,26000,0,13,2025-08-18,2025-08-31
TXN002572,CUST8005,PROJ-1005,B-0909,1253000,734000,0,519000,0,15,2025-07-27,2025-08-11
TXN002562,CUST5922,PROJ-1007,A-0107,418000,538000,-136000,16000,0,12,2024-03-07,2024-03-19
TXN000856,CUST5226,PROJ-1008,D-0908,730000,730000,0,0,0,5,2024-10-20,2024-10-25
TXN000849,CUST5410,PROJ-1004,A-1910,596000,596000,0,0,0,26,2024-04-05,2024-05-01
TXN000229,CUST6766,PROJ-1006,D-2003,1763000,1763000,0,0,0,3,2024-04-30,2024-05-03
TXN000159,CUST9108,PROJ-1005,E-2911,800000,800000,0,0,0,13,2024-09-27,2024-10-10
TXN000708,CUST4107,PROJ-1003,B-1807,1133000,1133000,0,0,0,14,2024-02-17,2024-03-02
TXN002195,CUST4615,PROJ-1007,D-0302,1687000,781000,874000,32000,10000,14,2024-12-10,2024-12-24
TXN001396,CUST6072,PROJ-1002,C-0308,505000,505000,0,0,0,26,2024-12-29,2025-01-24
TXN000275,CUST9231,PROJ-1006,C-1305,627000,418000,209000,0,0,15,2024-02-29,2024-03-15
TXN000098,CUST1422,PROJ-1002,B-0106,939000,923000,0,16000,0,13,2024-04-26,2024-05-09
TXN001894,CUST6270,PROJ-1004,D-1501,1024000,416000,608000,0,0,6,2024-06-11,2024-06-17
TXN002449,CUST1745,PROJ-1007,D-0208,739000,577000,162000,0,0,15,2024-08-24,2024-09-08
TXN000153,CUST3804,PROJ-1003,E-2410,1683000,419000,1264000,0,0,14,2025-10-18,2025-11-01
TXN001876,CUST5028,PROJ-1002,E-2806,694000,511000,183000,0,0,5,2024-05-28,2024-06-02
TXN002414,CUST8156,PROJ-1001,E-1706,1061000,521000,540000,0,0,10,2025-02-23,2025-03-05
TXN001641,CUST7277,PROJ-1001,B-2307,688000,688000,0,0,0,4,2024-03-02,2024-03-06
TXN000096,CUST1349,PROJ-1004,A-2606,732000,390000,342000,0,0,3,2025-08-23,2025-08-26
TXN001382,CUST6440,PROJ-1005,E-0503,524000,524000,0,0,0,12,2024-08-13,2024-08-25
TXN001535,CUST7662,PROJ-1004,C-1809,600000,200000,400000,0,0,5,2025-07-01,2025-07-06
TXN001820,CUST6553,PROJ-1001,D-1610,831000,0,808000,23000,0,0,2025-07-30,
TXN000255,CUST3684,PROJ-1001,D-1209,1544000,1527000,0,17000,0,14,2024-04-30,2024-05-14
TXN000614,CUST7722,PROJ-1003,C-1508,873000,845000,0,28000,0,6,2024-03-27,2024-04-02
TXN002362,CUST9252,PROJ-1005,C-0512,982000,982000,0,0,0,5,2024-08-09,2024-08-14
TXN000753,CUST4182,PROJ-1003,D-0912,1334000,1334000,0,0,0,10,2024-02-29,2024-03-10
TXN000072,CUST7561,PROJ-1005,E-0208,465000,334000,131000,0,0,11,2024-01-02,2024-01-13
TXN001738,CUST2847,PROJ-1004,C-2408,2192000,2192000,0,0,0,19,2025-04-27,2025-05-16
TXN000583,CUST2953,PROJ-1002,B-1307,1213000,1213000,0,0,0,28,2025-01-07,2025-02-04
TXN001545,CUST1807,PROJ-1006,A-0410,789000,761000,0,28000,0,24,2025-12-14,2026-01-07
TXN001640,CUST8976,PROJ-1007,A-1701,1226000,864000,362000,0,0,6,2025-02-06,2025-02-12
TXN001001,CUST5771,PROJ-1007,D-0304,1088000,548000,540000,0,0,0,2025-01-26,2025-01-26
TXN000729,CUST3869,PROJ-1007,D-0803,1906000,1906000,0,0,0,1,2025-08-05,2025-08-06
TXN002129,CUST7452,PROJ-1005,D-2406,954000,721000,233000,0,0,14,2024-05-10,2024-05-24
TXN000120,CUST6962,PROJ-1003,C-3005,929000,929000,0,0,0,10,2025-10-08,2025-10-18
TXN000145,CUST7521,PROJ-1006,C-2105,719000,0,709000,10000,0,8,2024-04-30,
TXN002210,CUST3482,PROJ-1003,A-2701,1613000,1613000,0,0,0,14,2024-09-16,2024-09-30
TXN001077,CUST1197,PROJ-1003,C-1212,2084000,2084000,0,0,0,10,2024-12-18,2024-12-28
TXN000253,CUST9788,PROJ-1003,C-1310,463000,109000,354000,0,0,24,2024-03-29,2024-04-22
TXN000786,CUST2438,PROJ-1003,E-0901,365000,365000,0,0,0,29,2025-03-09,2025-04-07
TXN001680,CUST7159,PROJ-1002,E-0710,1273000,1273000,0,0,0,15,2025-05-03,2025-05-18
TXN002000,CUST2202,PROJ-1001,E-2606,1003000,1003000,0,0,0,4,2024-04-07,2024-04-11
TXN000561,CUST2431,PROJ-1008,E-1304,833000,833000,0,0,0,5,2025-11-13,2025-11-18
TXN000951,CUST1164,PROJ-1002,B-1412,2191000,2101000,0,90000,0,1,2024-02-28,2024-02-29
TXN000887,CUST6222,PROJ-1005,E-0410,950000,657000,293000,0,0,2,2025-04-05,2025-04-07
TXN001277,CUST3281,PROJ-1004,C-0711,1547000,849000,698000,0,0,1,2024-06-26,2024-06-27
TXN002473,CUST3000,PROJ-1006,A-2903,460000,161000,280000,19000,0,112,2024-09-07,2024-12-28
TXN002042,CUST1878,PROJ-1005,B-2908,819000,819000,0,0,0,7,2025-01-10,2025-01-17
TXN002047,CUST3341,PROJ-1004,D-2507,1027000,987000,0,40000,0,1,2025-01-25,2025-01-26
TXN000028,CUST5462,PROJ-1003,C-2004,1013000,1013000,0,0,0,22,2024-09-14,2024-10-06
TXN001756,CUST4379,PROJ-1006,D-2410,2118000,2071000,0,47000,0,4,2024-09-28,2024-10-02
TXN002165,CUST1125,PROJ-1003,D-1002,1313000,676000,637000,0,0,1,2024-01-30,2024-01-31
TXN000870,CUST3898,PROJ-1006,E-2003,1914000,885000,1029000,0,0,12,2024-10-17,2024-10-29
TXN002522,CUST5542,PROJ-1004,C-0811,653000,653000,0,0,0,211,2024-07-02,2025-01-29
TXN000517,CUST5216,PROJ-1006,B-2502,1615000,1579000,0,36000,0,2,2024-09-28,2024-09-30
TXN002343,CUST4962,PROJ-1003,D-1312,954000,954000,0,0,0,14,2024-06-26,2024-07-10
TXN001364,CUST7614,PROJ-1005,A-0310,426000,426000,0,0,0,25,2025-11-15,2025-12-10
TXN001394,CUST4075,PROJ-1007,E-2102,781000,781000,0,0,0,9,2025-02-13,2025-02-22
TXN001327,CUST4436,PROJ-1005,D-2101,964000,964000,0,0,0,5,2024-09-15,2024-09-20
TXN001515,CUST1310,PROJ-1008,A-0205,935000,935000,0,0,0,0,2025-08-26,2025-08-26
TXN001520,CUST2672,PROJ-1005,D-3007,378000,378000,0,0,0,8,2025-05-06,2025-05-14
TXN001052,CUST5500,PROJ-1007,C-1512,1512000,0,1512000,0,0,18,2025-06-20,
TXN002552,CUST5252,PROJ-1003,E-0505,2141000,2141000,0,0,446000,3,2025-04-17,2025-04-20
TXN001018,CUST4504,PROJ-1002,B-2105,1058000,647000,411000,0,0,22,2025-07-25,2025-08-16
TXN002358,CUST6425,PROJ-1003,D-0405,368000,127000,241000,0,0,19,2024-11-27,2024-12-16
TXN001718,CUST5053,PROJ-1003,D-0811,1073000,279000,794000,0,0,1,2024-03-27,2024-03-28
TXN001161,CUST1497,PROJ-1008,E-0209,463000,257000,206000,0,0,22,2024-06-20,2024-07-12
TXN001213,CUST1228,PROJ-1006,D-2611,758000,758000,0,0,0,6,2025-02-04,2025-02-10
TXN001582,CUST7017,PROJ-1001,E-2504,940000,940000,0,0,0,13,2025-07-01,2025-07-14
TXN001494,CUST8702,PROJ-1007,A-0711,2048000,1949000,0,99000,0,13,2024-06-03,2024-06-16
TXN000109,CUST9394,PROJ-1004,A-1207,449000,449000,0,0,0,0,2024-11-11,2024-11-11
TXN000971,CUST9830,PROJ-1007,A-2809,548000,548000,0,0,0,16,2024-07-18,2024-08-03
TXN000613,CUST8264,PROJ-1003,B-0107,920000,920000,0,0,0,12,2025-06-12,2025-06-24
TXN000692,CUST1769,PROJ-1004,C-3007,1941000,1941000,0,0,0,15,2025-08-08,2025-08-23
TXN000631,CUST2461,PROJ-1007,A-2804,1007000,597000,410000,0,0,4,2024-05-03,2024-05-07
TXN000424,CUST6189,PROJ-1004,E-2611,1645000,1645000,0,0,0,5,2025-01-21,2025-01-26
TXN001660,CUST1414,PROJ-1003,E-1406,833000,833000,0,0,0,5,2025-03-16,2025-03-21
TXN001793,CUST7122,PROJ-1004,A-2111,1581000,757000,824000,0,0,14,2024-01-13,2024-01-27
TXN000122,CUST2335,PROJ-1006,E-2203,1125000,1125000,0,0,0,12,2025-09-01,2025-09-13
TXN001331,CUST8910,PROJ-1002,E-0704,949000,346000,603000,0,0,21,2025-02-04,2025-02-25
TXN001715,CUST9113,PROJ-1008,C-2705,611000,0,611000,0,0,8,2024-07-06,
TXN000059,CUST7625,PROJ-1004,B-1011,1774000,1774000,0,0,0,4,2025-07-17,2025-07-21
TXN001957,CUST1487,PROJ-1008,D-1304,664000,664000,0,0,0,21,2025-11-23,2025-12-14
TXN000605,CUST6954,PROJ-1007,A-1312,848000,816000,0,32000,0,26,2025-08-17,2025-09-12
TXN000382,CUST5281,PROJ-1005,E-1410,1442000,646000,796000,0,0,6,2025-07-24,2025-07-30
TXN002310,CUST7099,PROJ-1001,C-1604,603000,603000,0,0,0,15,2024-10-20,2024-11-04
TXN000442,CUST7436,PROJ-1001,D-2510,2058000,2008000,0,50000,0,1,2024-12-10,2024-12-11
TXN000656,CUST3473,PROJ-1001,E-0211,1620000,1173000,447000,0,0,23,2024-11-17,2024-12-10
TXN000456,CUST2111,PROJ-1006,E-1812,397000,262000,135000,0,0,27,2025-02-27,2025-03-26
TXN001605,CUST6420,PROJ-1001,C-0208,790000,790000,0,0,0,5,2024-12-09,2024-12-14
TXN001926,CUST9248,PROJ-1006,C-2409,1403000,0,1403000,0,0,13,2024-11-24,
TXN001123,CUST7988,PROJ-1006,A-1803,419000,419000,0,0,0,4,2025-12-30,2026-01-03
TXN001477,CUST1132,PROJ-1007,A-1704,775000,775000,0,0,0,0,2024-12-19,2024-12-19
TXN001088,CUST5991,PROJ-1007,A-3008,1469000,1469000,0,0,0,14,2024-04-21,2024-05-05
TXN001267,CUST1982,PROJ-1006,E-2601,575000,575000,0,0,0,4,2024-05-20,2024-05-24
TXN001713,CUST2115,PROJ-1008,E-2612,348000,348000,0,0,0,4,2024-05-15,2024-05-19
TXN000797,CUST8008,PROJ-1005,E-2304,1467000,1467000,0,0,0,17,2024-11-16,2024-12-03
TXN000302,CUST4288,PROJ-1004,A-0801,553000,553000,0,0,0,7,2025-04-20,2025-04-27
TXN001031,CUST3793,PROJ-1008,A-2710,663000,271000,392000,0,0,15,2025-11-29,2025-12-14
TXN002339,CUST8196,PROJ-1005,D-1212,362000,285000,77000,0,0,30,2025-03-02,2025-04-01
TXN000466,CUST6946,PROJ-1008,A-1712,1262000,0,1262000,0,0,17,2025-01-22,
TXN001684,CUST7379,PROJ-1008,A-1506,2112000,2112000,0,0,0,3,2024-12-26,2024-12-29
TXN000168,CUST9950,PROJ-1006,C-2212,1440000,1440000,0,0,0,3,2024-11-01,2024-11-04
TXN000151,CUST3034,PROJ-1001,E-0505,770000,770000,0,0,0,21,2025-06-15,2025-07-06
TXN000610,CUST8248,PROJ-1004,D-0107,1116000,1069000,0,47000,0,23,2024-06-13,2024-07-06
TXN000172,CUST4972,PROJ-1004,A-2209,844000,824000,0,20000,0,0,2024-05-20,2024-05-20
TXN001850,CUST2124,PROJ-1007,C-0303,439000,439000,0,0,0,6,2025-03-15,2025-03-21
TXN001412,CUST9523,PROJ-1001,B-1207,1137000,1087000,0,50000,10000,25,2024-11-24,2024-12-19
TXN002443,CUST5924,PROJ-1001,A-1502,1220000,1220000,0,0,0,3,2024-04-08,2024-04-11
TXN001286,CUST3713,PROJ-1008,B-3004,913000,625000,256000,32000,0,3,2025-04-01,2025-04-04
TXN001463,CUST8884,PROJ-1002,E-1603,404000,404000,0,0,0,15,2024-10-02,2024-10-17
TXN000996,CUST9497,PROJ-1001,B-1209,765000,286000,479000,0,0,23,2024-06-14,2024-07-07
TXN000137,CUST3185,PROJ-1006,A-1209,1653000,1303000,350000,0,0,10,2025-05-05,2025-05-15
TXN002482,CUST7853,PROJ-1006,C-1503,2185000,2185000,0,0,803000,3,2025-08-13,2025-08-16
TXN001737,CUST3372,PROJ-1007,B-0304,618000,618000,0,0,0,3,2025-09-18,2025-09-21
TXN001197,CUST3769,PROJ-1007,C-2805,1138000,0,1138000,0,0,10,2025-05-16,
TXN000307,CUST9380,PROJ-1001,C-1811,2277000,2277000,0,0,0,29,2024-12-10,2025-01-08
TXN001996,CUST4168,PROJ-1008,B-1501,913000,353000,560000,0,0,4,2025-04-04,2025-04-08
TXN001975,CUST5362,PROJ-1003,E-1507,431000,431000,0,0,0,23,2024-05-15,2024-06-07
TXN001098,CUST2114,PROJ-1003,C-2806,1284000,1284000,0,0,0,5,2025-04-16,2025-04-21
TXN001007,CUST7155,PROJ-1002,B-2501,1145000,1145000,0,0,0,0,2024-04-26,2024-04-26
TXN000525,CUST1606,PROJ-1001,C-0206,513000,492000,0,21000,0,19,2025-11-25,2025-12-14
TXN000573,CUST7837,PROJ-1002,D-3002,369000,369000,0,0,0,2,2025-01-06,2025-01-08
TXN002427,CUST5897,PROJ-1007,E-1902,380000,380000,0,0,0,13,2025-03-31,2025-04-13
TXN000220,CUST7176,PROJ-1007,A-1510,1111000,0,1111000,0,0,13,2025-12-09,
TXN001076,CUST8787,PROJ-1005,D-2205,735000,157000,565000,13000,0,8,2024-08-04,2024-08-12
TXN000639,CUST3813,PROJ-1001,D-1512,1190000,1190000,0,0,0,15,2025-09-25,2025-10-10
TXN002354,CUST8340,PROJ-1005,A-1107,1370000,1370000,0,0,0,4,2025-10-30,2025-11-03
TXN002319,CUST1875,PROJ-1007,D-1111,1051000,624000,427000,0,0,6,2025-08-13,2025-08-19
TXN000487,CUST3806,PROJ-1004,A-1010,1367000,1367000,0,0,0,0,2025-11-22,2025-11-22
TXN002591,CUST3925,PROJ-1007,D-1312,413000,405000,0,8000,0,-11,2024-01-07,2023-12-27
TXN001285,CUST3627,PROJ-1001,A-1912,1566000,1566000,0,0,0,3,2025-02-20,2025-02-23
TXN002460,CUST7258,PROJ-1005,B-0601,437000,437000,0,0,0,28,2024-09-30,2024-10-28
TXN002388,CUST1909,PROJ-1001,B-1802,1708000,1348000,360000,0,0,4,2024-06-26,2024-06-30
TXN000650,CUST9444,PROJ-1003,E-2202,530000,416000,114000,0,0,9,2025-09-17,2025-09-26
TXN002390,CUST3840,PROJ-1002,A-1706,1095000,0,1095000,0,0,12,2024-10-29,
TXN001291,CUST9043,PROJ-1001,D-2408,594000,594000,0,0,0,6,2024-09-23,2024-09-29
TXN001609,CUST4830,PROJ-1006,C-2705,393000,122000,271000,0,0,14,2024-11-17,2024-12-01
TXN000567,CUST3938,PROJ-1007,D-3012,630000,619000,0,11000,0,8,2025-01-05,2025-01-13
TXN002484,CUST7680,PROJ-1003,A-0709,1030000,739000,291000,0,-675000,21,2025-03-27,2025-04-17
TXN000919,CUST3022,PROJ-1005,A-1605,526000,526000,0,0,0,5,2024-05-21,2024-05-26
TXN000768,CUST5937,PROJ-1002,E-2808,1068000,1068000,0,0,0,3,2024-09-06,2024-09-09
TXN002327,CUST6086,PROJ-1001,E-2701,1099000,465000,634000,0,0,7,2024-12-06,2024-12-13
TXN001365,CUST9143,PROJ-1003,E-0103,472000,472000,0,0,0,0,2024-12-15,2024-12-15
TXN002385,CUST3749,PROJ-1006,A-1609,1688000,1688000,0,0,0,7,2025-08-14,2025-08-21
TXN002490,CUST5706,PROJ-1006,E-1606,712000,462000,362000,22000,0,2,2024-09-19,2024-09-21
TXN001675,CUST7383,PROJ-1001,B-2711,1338000,1338000,0,0,0,3,2024-02-26,2024-02-29
TXN000775,CUST3415,PROJ-1008,E-1003,468000,468000,0,0,0,8,2025-12-24,2026-01-01
TXN000968,CUST6488,PROJ-1006,D-2911,1294000,1294000,0,0,0,0,2025-01-12,2025-01-12
TXN000056,CUST6280,PROJ-1005,B-2702,1724000,1724000,0,0,0,5,2025-11-15,2025-11-20
TXN001158,CUST2336,PROJ-1006,C-1502,1541000,1491000,0,50000,0,1,2025-01-17,2025-01-18
TXN001318,CUST7640,PROJ-1004,D-2804,1055000,1055000,0,0,0,9,2024-11-30,2024-12-09
TXN002053,CUST7412,PROJ-1005,A-2511,1340000,1340000,0,0,0,2,2025-01-31,2025-02-02
TXN002593,CUST2105,PROJ-1006,E-2103,1555000,860000,0,695000,0,11,2025-05-05,2025-05-16
TXN000782,CUST8596,PROJ-1002,D-0911,885000,653000,223000,9000,0,0,2024-08-18,2024-08-18
TXN000609,CUST1570,PROJ-1001,A-2311,865000,0,865000,0,0,3,2025-01-06,
TXN000642,CUST8295,PROJ-1003,D-1601,1114000,485000,629000,0,0,0,2024-12-07,2024-12-07
TXN002276,CUST5593,PROJ-1004,B-3010,1195000,866000,298000,31000,0,4,2025-08-27,2025-08-31
TXN000893,CUST6355,PROJ-1003,E-1304,1045000,828000,217000,0,0,4,2025-04-17,2025-04-21
TXN002190,CUST5844,PROJ-1002,C-0711,2467000,1935000,532000,0,0,28,2025-03-14,2025-04-11
TXN002081,CUST6467,PROJ-1001,A-1809,381000,381000,0,0,0,5,2025-10-21,2025-10-26
TXN002015,CUST9469,PROJ-1007,D-0206,506000,506000,0,0,0,5,2024-01-09,2024-01-14
TXN000011,CUST9669,PROJ-1008,C-1801,582000,582000,0,0,0,6,2024-10-27,2024-11-02
TXN000105,CUST4674,PROJ-1008,A-1209,920000,651000,269000,0,0,9,2025-09-28,2025-10-07
TXN001296,CUST9748,PROJ-1003,A-2508,1774000,0,1774000,0,0,0,2024-09-08,
TXN000792,CUST2080,PROJ-1007,C-2102,1753000,588000,1165000,0,0,1,2024-01-11,2024-01-12
TXN000385,CUST3381,PROJ-1002,D-3010,592000,583000,0,9000,0,24,2025-01-28,2025-02-21
TXN001589,CUST3665,PROJ-1003,B-2008,1337000,975000,362000,0,0,12,2024-09-27,2024-10-09
TXN001908,CUST1355,PROJ-1007,B-0209,354000,354000,0,0,0,2,2024-02-17,2024-02-19
TXN001909,CUST7085,PROJ-1002,C-2904,1068000,0,1068000,0,0,7,2025-08-21,
TXN000401,CUST8749,PROJ-1003,A-0607,641000,641000,0,0,0,14,2024-11-19,2024-12-03
TXN001814,CUST5458,PROJ-1008,A-1904,884000,518000,366000,0,0,10,2024-03-01,2024-03-11
TXN000233,CUST5785,PROJ-1004,A-0904,1605000,829000,735000,41000,0,8,2024-04-25,2024-05-03
TXN000863,CUST8396,PROJ-1005,D-1704,993000,0,993000,0,0,9,2024-12-16,
TXN002003,CUST1301,PROJ-1005,B-2012,1314000,1260000,0,54000,13000,14,2024-06-13,2024-06-27
TXN002404,CUST5213,PROJ-1001,A-2109,2059000,664000,1395000,0,0,22,2024-04-06,2024-04-28
TXN001256,CUST1516,PROJ-1008,D-1106,434000,434000,0,0,0,14,2025-07-05,2025-07-19
TXN000894,CUST1606,PROJ-1007,E-3009,477000,477000,0,0,0,12,2025-03-01,2025-03-13
TXN002447,CUST3917,PROJ-1007,E-1106,509000,213000,296000,0,0,11,2024-08-30,2024-09-10
TXN002156,CUST1501,PROJ-1001,C-0410,1254000,0,1254000,0,0,11,2024-08-01,
TXN001954,CUST6391,PROJ-1007,B-1706,1098000,1098000,0,0,0,4,2024-07-28,2024-08-01
TXN001550,CUST6355,PROJ-1001,D-0903,463000,463000,0,0,0,4,2025-03-29,2025-04-02
TXN000296,CUST2843,PROJ-1007,D-0503,2233000,2233000,0,0,0,8,2024-04-18,2024-04-26
TXN002472,CUST1069,PROJ-1002,D-1208,942000,942000,0,0,0,-7,2024-09-16,2024-09-09
TXN001707,CUST9791,PROJ-1004,C-0203,1186000,1186000,0,0,0,6,2024-07-04,2024-07-10
TXN002515,CUST9642,PROJ-1006,C-1505,766000,596000,170000,0,0,196,2025-10-24,2026-05-08
TXN002493,CUST2524,PROJ-1001,E-2306,1842000,1633000,209000,0,0,-18,2025-08-13,2025-07-26
TXN000914,CUST2847,PROJ-1008,C-2209,378000,108000,270000,0,0,0,2025-05-24,2025-05-24
TXN002455,CUST3723,PROJ-1004,A-0911,938000,938000,0,0,0,8,2024-04-20,2024-04-28
TXN001846,CUST4156,PROJ-1006,D-1003,961000,961000,0,0,12000,30,2024-04-06,2024-05-06
TXN001288,CUST4360,PROJ-1005,D-1409,1138000,1106000,0,32000,0,5,2024-07-29,2024-08-03
TXN002074,CUST7887,PROJ-1001,B-0803,1260000,934000,283000,43000,0,29,2024-01-28,2024-02-26
TXN001491,CUST4309,PROJ-1001,A-0905,1007000,548000,459000,0,0,6,2024-04-22,2024-04-28
TXN001758,CUST1640,PROJ-1008,D-1305,2262000,2262000,0,0,42000,5,2024-09-15,2024-09-20
TXN001893,CUST4277,PROJ-1008,E-1412,472000,0,472000,0,0,10,2024-01-10,
TXN000222,CUST6432,PROJ-1007,D-0401,436000,436000,0,0,0,8,2025-12-05,2025-12-13
TXN001350,CUST6103,PROJ-1005,E-2509,588000,588000,0,0,0,11,2025-07-19,2025-07-30
TXN002534,CUST7255,PROJ-1001,C-1309,1336000,1796000,-460000,0,0,26,2025-05-05,2025-05-31
TXN000858,CUST5011,PROJ-1001,E-0103,452000,151000,301000,0,0,11,2025-04-18,2025-04-29
TXN002112,CUST9617,PROJ-1008,E-1510,1024000,979000,0,45000,5000,6,2024-09-06,2024-09-12
TXN001397,CUST5761,PROJ-1006,A-0607,987000,987000,0,0,0,11,2024-01-24,2024-02-04
TXN001022,CUST1937,PROJ-1005,E-2701,1137000,1137000,0,0,0,13,2025-10-25,2025-11-07
TXN001062,CUST9807,PROJ-1007,B-1310,351000,351000,0,0,0,2,2024-10-23,2024-10-25
TXN000127,CUST4833,PROJ-1008,E-0805,1376000,1376000,0,0,0,6,2025-03-27,2025-04-02
TXN002556,CUST1741,PROJ-1002,B-0902,898000,898000,0,0,0,-10,2025-07-29,2025-07-19
TXN002403,CUST7856,PROJ-1001,C-2805,776000,438000,338000,0,0,0,2024-12-15,2024-12-15
TXN001453,CUST9879,PROJ-1007,B-2810,1915000,1915000,0,0,0,4,2024-05-12,2024-05-16
TXN001852,CUST7272,PROJ-1005,A-0410,475000,323000,152000,0,0,27,2024-07-28,2024-08-24
TXN001220,CUST9005,PROJ-1004,E-1601,1336000,1336000,0,0,0,1,2024-11-25,2024-11-26
TXN000952,CUST8185,PROJ-1003,B-1001,1167000,0,1167000,0,0,19,2024-05-12,
TXN001167,CUST4081,PROJ-1001,A-1010,2138000,2097000,0,41000,0,5,2024-11-06,2024-11-11
TXN001407,CUST1949,PROJ-1003,A-1010,365000,365000,0,0,0,7,2024-04-21,2024-04-28
TXN002573,CUST6399,PROJ-1007,B-2710,1102000,1102000,0,0,230000,3,2024-04-04,2024-04-07
TXN000555,CUST3430,PROJ-1001,C-1008,769000,0,769000,0,0,4,2025-12-26,
TXN001746,CUST4295,PROJ-1003,B-2310,704000,235000,469000,0,0,6,2024-07-10,2024-07-16
TXN000698,CUST4153,PROJ-1006,A-0401,2496000,2395000,0,101000,0,7,2025-10-14,2025-10-21
TXN001651,CUST6906,PROJ-1004,B-1406,1990000,1990000,0,0,0,14,2025-08-31,2025-09-14
TXN001851,CUST4676,PROJ-1006,C-1007,460000,0,460000,0,0,7,2025-03-05,
TXN000178,CUST8822,PROJ-1003,C-3004,437000,437000,0,0,0,4,2024-12-03,2024-12-07
TXN000452,CUST6681,PROJ-1001,C-1211,1048000,1048000,0,0,0,10,2024-03-04,2024-03-14
TXN001136,CUST2703,PROJ-1005,D-1810,1788000,403000,1385000,0,0,9,2024-04-20,2024-04-29
TXN001269,CUST3393,PROJ-1002,B-2809,671000,671000,0,0,0,3,2024-06-17,2024-06-20
TXN001035,CUST9958,PROJ-1008,B-2501,1349000,861000,488000,0,0,16,2025-04-29,2025-05-15
TXN001895,CUST1452,PROJ-1002,B-2709,954000,620000,334000,0,0,6,2024-05-13,2024-05-19
TXN001281,CUST2770,PROJ-1008,D-1407,925000,0,915000,10000,0,2,2024-02-12,
TXN001134,CUST4953,PROJ-1006,D-2712,942000,597000,336000,9000,0,10,2024-09-14,2024-09-24
TXN001218,CUST7062,PROJ-1008,D-0804,1522000,1522000,0,0,0,14,2025-05-02,2025-05-16
TXN001166,CUST2709,PROJ-1008,C-1808,1815000,1202000,613000,0,0,0,2025-12-16,2025-12-16
TXN002034,CUST5231,PROJ-1003,B-1508,767000,767000,0,0,0,0,2024-05-24,2024-05-24
TXN000972,CUST4998,PROJ-1005,C-0806,1078000,503000,575000,0,0,5,2025-02-23,2025-02-28
TXN001927,CUST3211,PROJ-1008,D-2603,566000,378000,188000,0,0,4,2025-01-06,2025-01-10
TXN000017,CUST1514,PROJ-1002,C-0309,892000,892000,0,0,0,8,2025-08-07,2025-08-15
TXN000036,CUST7311,PROJ-1002,E-0705,529000,325000,179000,25000,0,2,2025-11-17,2025-11-19
TXN002329,CUST3525,PROJ-1004,B-3006,911000,565000,346000,0,0,4,2024-07-07,2024-07-11
TXN000210,CUST1485,PROJ-1006,C-2608,739000,739000,0,0,0,8,2025-11-27,2025-12-05
TXN000995,CUST9843,PROJ-1003,A-2401,595000,595000,0,0,0,0,2025-07-20,2025-07-20
TXN001622,CUST1092,PROJ-1004,E-1807,1531000,0,1531000,0,0,12,2024-03-31,
TXN001915,CUST3337,PROJ-1002,B-1607,679000,679000,0,0,0,0,2024-06-12,2024-06-12
TXN000962,CUST1202,PROJ-1005,A-1010,1677000,1677000,0,0,0,0,2025-03-26,2025-03-26
TXN001058,CUST8547,PROJ-1005,E-1411,1689000,1689000,0,0,0,4,2024-12-17,2024-12-21
TXN002237,CUST2353,PROJ-1002,C-0212,323000,311000,0,12000,0,7,2024-02-01,2024-02-08
TXN000430,CUST7002,PROJ-1001,B-2012,307000,307000,0,0,0,6,2024-03-22,2024-03-28
TXN002100,CUST4297,PROJ-1004,A-2603,1394000,760000,634000,0,0,8,2025-10-23,2025-10-31
TXN001625,CUST4936,PROJ-1004,D-2203,374000,374000,0,0,0,6,2024-09-18,2024-09-24
TXN002098,CUST2176,PROJ-1007,C-2902,914000,914000,0,0,0,12,2024-02-29,2024-03-12
TXN002298,CUST9531,PROJ-1007,B-1808,2285000,1640000,612000,33000,0,9,2024-06-23,2024-07-02
TXN001498,CUST8460,PROJ-1003,C-2509,378000,378000,0,0,0,0,2024-10-18,2024-10-18
TXN002103,CUST4607,PROJ-1003,C-2010,1083000,0,1029000,54000,0,7,2025-07-21,
TXN000597,CUST5708,PROJ-1004,C-0205,1843000,0,1843000,0,0,3,2025-08-15,
TXN002436,CUST1880,PROJ-1005,D-1312,913000,913000,0,0,0,6,2025-04-19,2025-04-25
TXN002127,CUST2086,PROJ-1006,C-1607,988000,988000,0,0,0,23,2025-09-26,2025-10-19
TXN002216,CUST5617,PROJ-1001,A-0904,483000,483000,0,0,0,3,2025-12-04,2025-12-07
TXN001990,CUST5276,PROJ-1002,E-2910,631000,0,631000,0,0,1,2025-07-12,
TXN002134,CUST1378,PROJ-1004,D-2604,637000,637000,0,0,0,26,2024-01-05,2024-01-31
TXN000866,CUST3416,PROJ-1008,D-2806,513000,0,513000,0,0,20,2024-05-08,
TXN000903,CUST7317,PROJ-1006,D-2810,1426000,1426000,0,0,0,11,2024-06-17,2024-06-28
TXN000200,CUST3773,PROJ-1006,B-2409,693000,163000,530000,0,0,16,2024-02-04,2024-02-20
TXN001614,CUST4514,PROJ-1001,D-0209,2465000,2465000,0,0,0,10,2024-11-03,2024-11-13
TXN001345,CUST1280,PROJ-1006,C-2106,1286000,323000,963000,0,0,9,2024-04-08,2024-04-17
TXN000431,CUST6913,PROJ-1001,E-2407,1633000,1633000,0,0,0,13,2024-02-11,2024-02-24
TXN001911,CUST6636,PROJ-1006,A-0410,954000,210000,744000,0,0,8,2025-02-18,2025-02-26
TXN000519,CUST2692,PROJ-1005,A-0302,1526000,306000,1220000,0,27000,11,2024-02-08,2024-02-19
TXN002365,CUST3032,PROJ-1004,D-1005,1283000,942000,341000,0,0,3,2025-02-01,2025-02-04
TXN001963,CUST4801,PROJ-1005,E-3009,1491000,999000,492000,0,0,11,2025-12-11,2025-12-22
TXN002344,CUST4829,PROJ-1006,B-1807,598000,314000,284000,0,0,9,2024-07-15,2024-07-24
TXN001010,CUST9509,PROJ-1006,E-0908,721000,513000,208000,0,0,2,2024-05-18,2024-05-20
TXN000479,CUST8577,PROJ-1006,D-3012,573000,573000,0,0,0,0,2025-07-02,2025-07-02
TXN000434,CUST7579,PROJ-1003,E-1111,1160000,1160000,0,0,0,7,2024-11-18,2024-11-25
TXN001600,CUST2443,PROJ-1007,E-2612,1296000,1296000,0,0,0,1,2025-07-05,2025-07-06
TXN001151,CUST8623,PROJ-1004,C-1901,1149000,1149000,0,0,0,0,2024-06-24,2024-06-24
TXN002031,CUST2453,PROJ-1008,E-0904,353000,353000,0,0,0,7,2025-03-18,2025-03-25
TXN002454,CUST5332,PROJ-1008,A-0509,1819000,1819000,0,0,0,11,2024-05-09,2024-05-20
TXN000931,CUST3018,PROJ-1008,D-0511,397000,382000,0,15000,0,7,2025-12-17,2025-12-24
TXN002115,CUST1242,PROJ-1002,D-2609,588000,340000,248000,0,0,6,2024-11-23,2024-11-29
TXN002367,CUST5341,PROJ-1008,D-2506,1572000,0,1572000,0,0,10,2025-05-29,
TXN002080,CUST7530,PROJ-1008,A-0504,1837000,0,1837000,0,0,19,2025-11-14,
TXN000533,CUST6699,PROJ-1005,D-0109,801000,778000,0,23000,0,7,2025-07-06,2025-07-13
TXN000289,CUST3516,PROJ-1008,A-1201,592000,592000,0,0,0,1,2024-07-23,2024-07-24
TXN001773,CUST2661,PROJ-1006,D-0409,1313000,1313000,0,0,0,23,2024-12-10,2025-01-02
TXN001879,CUST2755,PROJ-1005,D-2002,466000,466000,0,0,0,5,2024-03-13,2024-03-18
TXN001116,CUST3202,PROJ-1008,E-2611,463000,463000,0,0,0,11,2024-11-26,2024-12-07
TXN000802,CUST5752,PROJ-1002,C-1605,1023000,0,989000,34000,0,16,2025-10-20,
TXN002106,CUST6906,PROJ-1007,D-2905,995000,995000,0,0,0,13,2025-05-16,2025-05-29
TXN000032,CUST3662,PROJ-1004,B-2907,394000,0,394000,0,0,7,2025-11-16,
TXN000249,CUST4366,PROJ-1005,E-2009,1011000,781000,230000,0,0,5,2025-05-21,2025-05-26
TXN001540,CUST8027,PROJ-1002,C-2101,903000,903000,0,0,0,6,2024-03-05,2024-03-11
TXN002137,CUST3694,PROJ-1003,D-2712,1161000,649000,512000,0,0,2,2025-04-16,2025-04-18
TXN001553,CUST6685,PROJ-1006,B-3001,523000,516000,0,7000,0,6,2025-04-07,2025-04-13
TXN000826,CUST5216,PROJ-1007,E-1804,731000,523000,208000,0,0,2,2025-02-08,2025-02-10
TXN000841,CUST4973,PROJ-1007,B-2704,372000,221000,137000,14000,0,5,2025-03-10,2025-03-15
TXN000477,CUST1185,PROJ-1004,B-2305,1629000,429000,1170000,30000,0,4,2024-12-07,2024-12-11
TXN002476,CUST1078,PROJ-1007,C-0307,1367000,758000,877000,0,0,3,2024-08-01,2024-08-04
TXN000688,CUST2817,PROJ-1007,C-1909,679000,679000,0,0,0,9,2025-11-29,2025-12-08
TXN001428,CUST1482,PROJ-1001,B-1604,303000,303000,0,0,0,0,2025-02-02,2025-02-02
TXN000447,CUST1225,PROJ-1005,C-2302,1272000,416000,856000,0,0,7,2025-07-13,2025-07-20
TXN000160,CUST6995,PROJ-1007,A-1301,2178000,2178000,0,0,0,6,2025-05-31,2025-06-06
TXN001904,CUST4684,PROJ-1004,B-1512,1117000,1117000,0,0,0,1,2025-08-09,2025-08-10
TXN002337,CUST2004,PROJ-1004,D-2204,846000,846000,0,0,0,1,2025-07-11,2025-07-12
TXN002174,CUST5896,PROJ-1002,E-2909,373000,373000,0,0,0,6,2024-07-18,2024-07-24
TXN001461,CUST6993,PROJ-1006,A-2108,1551000,1551000,0,0,0,9,2024-01-17,2024-01-26
TXN002335,CUST4378,PROJ-1002,B-2008,1050000,1050000,0,0,0,11,2025-05-05,2025-05-16
TXN002251,CUST4609,PROJ-1006,A-2702,483000,312000,171000,0,0,18,2024-01-09,2024-01-27
TXN000003,CUST1106,PROJ-1005,B-2307,1091000,1039000,0,52000,0,5,2024-04-09,2024-04-14
TXN001594,CUST4938,PROJ-1008,A-0507,504000,0,504000,0,0,0,2025-01-17,
TXN000360,CUST4469,PROJ-1006,D-2911,1299000,1280000,0,19000,0,11,2024-07-04,2024-07-15
TXN000427,CUST4039,PROJ-1007,A-2006,1501000,0,1501000,0,0,6,2025-01-31,
TXN001332,CUST8126,PROJ-1004,A-1512,2147000,2147000,0,0,0,4,2024-10-18,2024-10-22
TXN001025,CUST3772,PROJ-1006,E-2406,1030000,620000,410000,0,0,2,2024-03-07,2024-03-09
TXN001812,CUST1379,PROJ-1007,B-1803,640000,0,640000,0,0,2,2024-09-25,
TXN002538,CUST7208,PROJ-1007,E-1712,971000,971000,0,0,205000,21,2025-05-18,2025-06-08
TXN001687,CUST8472,PROJ-1005,C-1601,301000,286000,0,15000,0,11,2025-07-11,2025-07-22
TXN001916,CUST7290,PROJ-1001,B-2005,597000,405000,192000,0,0,1,2025-08-23,2025-08-24
TXN002513,CUST2642,PROJ-1001,C-0508,714000,1012000,-298000,0,0,5,2024-07-05,2024-07-10
TXN002570,CUST1434,PROJ-1008,B-2404,1056000,408000,648000,0,0,-19,2025-12-12,2025-11-23
TXN000076,CUST8483,PROJ-1004,E-0507,1133000,1133000,0,0,0,4,2025-02-28,2025-03-04
TXN000916,CUST5346,PROJ-1003,C-2906,1118000,1118000,0,0,0,8,2024-02-12,2024-02-20
TXN002503,CUST1453,PROJ-1003,E-0506,600000,594000,0,6000,158000,1,2024-12-27,2024-12-28
TXN001840,CUST4590,PROJ-1005,B-1402,428000,428000,0,0,0,4,2024-03-28,2024-04-01
TXN000772,CUST2436,PROJ-1005,A-0306,1395000,1395000,0,0,0,27,2024-11-16,2024-12-13
TXN000439,CUST4562,PROJ-1007,A-2406,681000,471000,210000,0,0,9,2024-04-07,2024-04-16
TXN000362,CUST6851,PROJ-1006,B-2211,705000,705000,0,0,0,6,2025-05-12,2025-05-18
TXN002032,CUST4107,PROJ-1004,B-2312,2465000,2465000,0,0,0,30,2025-08-02,2025-09-01
TXN002500,CUST1219,PROJ-1004,E-1209,649000,649000,0,0,0,-1,2025-07-01,2025-06-30
TXN001316,CUST4973,PROJ-1002,B-2008,465000,465000,0,0,0,2,2025-03-18,2025-03-20
TXN001815,CUST2618,PROJ-1005,B-0505,1976000,1901000,0,75000,0,29,2025-02-03,2025-03-04
TXN001667,CUST8253,PROJ-1003,B-2310,1148000,1148000,0,0,0,12,2025-04-30,2025-05-12
TXN002309,CUST3316,PROJ-1007,D-0810,1220000,1173000,0,47000,0,7,2025-03-27,2025-04-03
TXN001445,CUST3956,PROJ-1003,B-2106,1507000,299000,1133000,75000,0,7,2024-12-09,2024-12-16
TXN001336,CUST1838,PROJ-1005,D-1904,2387000,1803000,584000,0,0,8,2025-02-02,2025-02-10
TXN000186,CUST6697,PROJ-1003,A-0609,1055000,789000,214000,52000,0,11,2025-04-19,2025-04-30
TXN000742,CUST8899,PROJ-1006,A-1101,2227000,1118000,1109000,0,0,29,2025-12-22,2026-01-20
TXN001493,CUST2515,PROJ-1001,C-0708,1486000,1486000,0,0,0,23,2024-07-20,2024-08-12
TXN001209,CUST8046,PROJ-1001,A-2212,513000,513000,0,0,0,12,2025-01-05,2025-01-17
TXN001346,CUST3224,PROJ-1002,D-1609,1715000,571000,1073000,71000,0,15,2025-07-03,2025-07-18
TXN001508,CUST1973,PROJ-1001,A-2609,320000,143000,177000,0,0,1,2024-08-23,2024-08-24
TXN000902,CUST9644,PROJ-1004,E-2806,1543000,1543000,0,0,0,3,2024-05-13,2024-05-16
TXN000730,CUST4927,PROJ-1001,B-0911,1612000,1195000,417000,0,0,5,2025-05-20,2025-05-25
TXN000538,CUST1890,PROJ-1008,D-0504,1954000,1911000,0,43000,0,28,2025-01-02,2025-01-30
TXN001268,CUST8870,PROJ-1004,B-0711,1002000,1002000,0,0,0,10,2025-10-10,2025-10-20
TXN000277,CUST7363,PROJ-1004,C-3003,848000,635000,213000,0,0,12,2024-01-29,2024-02-10
TXN001769,CUST3797,PROJ-1006,A-2804,1472000,1472000,0,0,0,4,2024-05-20,2024-05-24
TXN002227,CUST2140,PROJ-1006,C-2612,386000,386000,0,0,0,6,2024-11-03,2024-11-09
TXN000483,CUST8921,PROJ-1006,E-1006,703000,197000,506000,0,0,6,2024-02-07,2024-02-13
TXN001929,CUST7647,PROJ-1006,B-2505,680000,495000,185000,0,0,0,2025-10-23,2025-10-23
TXN002429,CUST1321,PROJ-1004,D-1506,1376000,1313000,0,63000,0,25,2024-08-10,2024-09-04
TXN000029,CUST2512,PROJ-1001,D-2705,302000,0,302000,0,0,14,2024-06-14,
TXN002079,CUST7635,PROJ-1003,E-0709,1377000,1377000,0,0,0,27,2024-06-08,2024-07-05
TXN002186,CUST2388,PROJ-1008,E-0201,311000,311000,0,0,0,5,2024-04-11,2024-04-16
TXN002527,CUST5160,PROJ-1005,A-2012,615000,753000,-138000,0,0,21,2024-05-04,2024-05-25
TXN001044,CUST8133,PROJ-1005,A-1107,1046000,1026000,0,20000,0,27,2024-09-24,2024-10-21
TXN000082,CUST2612,PROJ-1007,A-1503,1747000,1713000,0,34000,0,2,2025-03-17,2025-03-19
TXN000975,CUST9096,PROJ-1003,B-2903,516000,243000,261000,12000,0,1,2024-04-13,2024-04-14
TXN000077,CUST1042,PROJ-1005,C-2405,2216000,2216000,0,0,0,7,2025-07-05,2025-07-12
TXN002407,CUST1377,PROJ-1003,A-0412,1183000,1183000,0,0,0,4,2025-08-26,2025-08-30
TXN002178,CUST6367,PROJ-1002,E-1106,795000,795000,0,0,0,16,2024-06-27,2024-07-13
TXN001132,CUST9867,PROJ-1002,E-1503,479000,479000,0,0,0,1,2024-09-18,2024-09-19
TXN001824,CUST5207,PROJ-1008,C-0807,376000,376000,0,0,0,2,2024-05-14,2024-05-16
TXN000338,CUST7790,PROJ-1002,A-3011,1258000,973000,285000,0,0,27,2024-05-17,2024-06-13
TXN002578,CUST6932,PROJ-1003,C-0510,473000,451000,0,22000,0,118,2024-02-19,2024-06-16
TXN000166,CUST4125,PROJ-1002,A-1506,659000,659000,0,0,0,24,2025-09-18,2025-10-12
TXN001647,CUST4293,PROJ-1004,E-1104,895000,895000,0,0,0,11,2025-01-09,2025-01-20
TXN000726,CUST6075,PROJ-1004,D-2712,666000,666000,0,0,0,12,2025-05-29,2025-06-10
TXN002205,CUST7082,PROJ-1007,A-0603,907000,0,907000,0,0,0,2025-12-07,
TXN002262,CUST1714,PROJ-1006,A-2310,875000,875000,0,0,0,8,2025-04-02,2025-04-10
TXN002226,CUST4350,PROJ-1006,B-2908,1102000,1102000,0,0,0,3,2025-10-24,2025-10-27
TXN001825,CUST2521,PROJ-1003,D-0103,990000,282000,708000,0,0,13,2025-11-11,2025-11-24
TXN001897,CUST7978,PROJ-1008,E-0408,522000,212000,289000,21000,0,3,2024-10-22,2024-10-25
TXN000744,CUST5859,PROJ-1008,B-0507,640000,0,640000,0,0,10,2025-03-30,
TXN001784,CUST3682,PROJ-1006,A-2302,2247000,0,2247000,0,0,20,2024-06-23,
TXN002075,CUST4735,PROJ-1003,D-2210,319000,0,319000,0,0,8,2024-11-19,
TXN001309,CUST6409,PROJ-1007,D-2412,951000,907000,0,44000,0,3,2025-02-07,2025-02-10
TXN001330,CUST5552,PROJ-1008,B-2403,540000,367000,173000,0,0,4,2025-01-16,2025-01-20
TXN000652,CUST2626,PROJ-1008,B-2106,1659000,1587000,0,72000,0,3,2024-01-07,2024-01-10
TXN001351,CUST7613,PROJ-1002,A-1007,475000,475000,0,0,0,0,2025-08-25,2025-08-25
TXN000475,CUST9132,PROJ-1003,E-2411,1016000,1016000,0,0,0,29,2024-10-24,2024-11-22
TXN000357,CUST1745,PROJ-1002,A-1209,452000,452000,0,0,0,5,2025-03-24,2025-03-29
TXN000437,CUST4519,PROJ-1004,C-0112,1764000,0,1764000,0,0,3,2024-06-07,
TXN000192,CUST5913,PROJ-1003,D-0609,753000,515000,238000,0,0,8,2024-02-29,2024-03-08
TXN001492,CUST3670,PROJ-1006,B-2812,1196000,754000,428000,14000,0,13,2025-08-23,2025-09-05
TXN002441,CUST8962,PROJ-1006,E-1008,1773000,1773000,0,0,0,14,2024-06-08,2024-06-22
TXN000813,CUST7231,PROJ-1001,D-1705,833000,833000,0,0,0,0,2025-10-21,2025-10-21
TXN001393,CUST5286,PROJ-1001,C-2811,1174000,0,1174000,0,0,6,2025-06-12,
TXN000715,CUST5825,PROJ-1002,E-1709,445000,445000,0,0,0,7,2024-02-09,2024-02-16
TXN001658,CUST3327,PROJ-1003,A-0306,1937000,1846000,0,91000,0,15,2025-01-06,2025-01-21
TXN002036,CUST9458,PROJ-1003,C-1003,911000,911000,0,0,0,21,2024-06-01,2024-06-22
TXN001254,CUST5846,PROJ-1001,A-0703,335000,335000,0,0,0,11,2025-01-01,2025-01-12
TXN000235,CUST8368,PROJ-1001,C-1202,623000,344000,279000,0,0,18,2024-12-25,2025-01-12
TXN001111,CUST7384,PROJ-1002,D-0105,848000,834000,0,14000,0,2,2024-06-08,2024-06-10
TXN001433,CUST6645,PROJ-1003,A-1802,1260000,1260000,0,0,0,29,2024-02-18,2024-03-18
TXN000963,CUST6877,PROJ-1001,D-2109,1028000,979000,0,49000,0,26,2024-11-17,2024-12-13
TXN001246,CUST5694,PROJ-1001,C-0310,1278000,1278000,0,0,0,13,2025-01-15,2025-01-28
TXN001823,CUST6180,PROJ-1005,C-2407,560000,0,553000,7000,0,0,2025-04-30,
TXN001868,CUST1834,PROJ-1006,E-0902,2359000,2359000,0,0,0,4,2025-06-20,2025-06-24
TXN000791,CUST7876,PROJ-1003,B-1107,527000,527000,0,0,0,1,2025-06-28,2025-06-29
TXN002246,CUST1953,PROJ-1002,A-2401,1110000,1110000,0,0,0,6,2025-07-20,2025-07-26
TXN002062,CUST1498,PROJ-1004,E-2505,411000,411000,0,0,0,10,2025-03-19,2025-03-29
TXN001329,CUST1121,PROJ-1003,B-0907,555000,555000,0,0,0,3,2024-05-23,2024-05-26
TXN000197,CUST8635,PROJ-1008,A-2612,1299000,1299000,0,0,0,0,2025-02-27,2025-02-27
TXN002264,CUST6568,PROJ-1003,A-0311,1821000,1821000,0,0,0,13,2025-08-08,2025-08-21
TXN000546,CUST5859,PROJ-1001,D-2505,2138000,1224000,914000,0,0,13,2024-12-09,2024-12-22
TXN000667,CUST9565,PROJ-1001,B-0406,1193000,340000,853000,0,0,6,2025-08-26,2025-09-01
TXN001002,CUST7449,PROJ-1008,C-2509,537000,537000,0,0,0,6,2024-08-25,2024-08-31
TXN000655,CUST8251,PROJ-1001,B-2501,1146000,1124000,0,22000,0,5,2024-03-03,2024-03-08
TXN001526,CUST9955,PROJ-1002,D-2905,1361000,541000,767000,53000,0,13,2025-06-09,2025-06-22
TXN001358,CUST1225,PROJ-1002,D-0406,1069000,407000,622000,40000,0,5,2025-02-24,2025-03-01
TXN000666,CUST8755,PROJ-1008,A-2403,1775000,473000,1302000,0,0,8,2025-01-13,2025-01-21
TXN001352,CUST1696,PROJ-1008,D-2606,1068000,368000,687000,13000,0,2,2024-12-08,2024-12-10
TXN000501,CUST8471,PROJ-1007,E-3007,1377000,593000,784000,0,0,2,2024-08-19,2024-08-21
TXN000800,CUST5001,PROJ-1006,E-2210,535000,275000,260000,0,0,2,2024-08-18,2024-08-20
TXN000405,CUST3373,PROJ-1008,B-2106,1162000,0,1162000,0,0,5,2024-03-22,
TXN002580,CUST3282,PROJ-1002,A-2804,325000,325000,0,0,95000,7,2024-07-16,2024-07-23
TXN002586,CUST9743,PROJ-1003,B-2911,1344000,868000,0,476000,0,3,2025-09-08,2025-09-11
TXN002521,CUST3859,PROJ-1006,E-1609,951000,482000,469000,0,0,-16,2024-08-14,2024-07-29
TXN001671,CUST2468,PROJ-1003,D-2211,1242000,1242000,0,0,0,6,2025-02-16,2025-02-22
TXN002498,CUST7648,PROJ-1005,D-0508,1482000,1482000,0,0,-315000,11,2025-02-19,2025-03-02
TXN000075,CUST8560,PROJ-1002,A-2103,1251000,1251000,0,0,0,29,2025-05-09,2025-06-07
TXN001302,CUST6153,PROJ-1001,D-0701,1057000,1057000,0,0,0,14,2025-08-27,2025-09-10
TXN000025,CUST5272,PROJ-1006,B-2212,1050000,498000,552000,0,0,0,2024-03-15,2024-03-15
TXN001470,CUST7913,PROJ-1006,C-2606,1604000,0,1587000,17000,0,13,2024-03-25,
TXN000488,CUST1881,PROJ-1007,A-1407,1067000,670000,397000,0,0,15,2025-11-17,2025-12-02
TXN000393,CUST5314,PROJ-1001,B-1002,1206000,1206000,0,0,0,6,2024-07-01,2024-07-07
TXN001212,CUST3501,PROJ-1008,B-2407,526000,526000,0,0,0,2,2025-10-09,2025-10-11
TXN000531,CUST3939,PROJ-1001,A-2311,1595000,982000,613000,0,0,2,2024-07-30,2024-08-01
TXN002402,CUST9454,PROJ-1003,D-0107,451000,0,451000,0,0,8,2024-07-05,
TXN000015,CUST4470,PROJ-1007,E-2512,927000,927000,0,0,0,6,2025-06-13,2025-06-19
TXN002113,CUST7961,PROJ-1007,A-1704,577000,577000,0,0,0,7,2025-12-14,2025-12-21
TXN000697,CUST1173,PROJ-1004,D-1308,1150000,0,1150000,0,0,14,2024-01-27,
TXN001692,CUST2804,PROJ-1006,B-1703,934000,934000,0,0,0,18,2024-03-21,2024-04-08
TXN002554,CUST7697,PROJ-1004,A-1302,-157000,438000,0,0,0,8,2025-05-28,2025-06-05
TXN000585,CUST7557,PROJ-1005,C-1611,1848000,1848000,0,0,0,1,2025-04-10,2025-04-11
TXN001227,CUST8816,PROJ-1006,C-0506,1077000,1051000,0,26000,0,16,2025-09-19,2025-10-05
TXN001668,CUST6800,PROJ-1004,B-0504,948000,928000,0,20000,0,7,2024-02-20,2024-02-27
TXN002007,CUST9243,PROJ-1001,E-2901,1011000,973000,0,38000,0,9,2024-02-13,2024-02-22
TXN000390,CUST1076,PROJ-1007,C-0607,1223000,1223000,0,0,0,15,2024-04-29,2024-05-14
TXN001349,CUST6939,PROJ-1002,A-0405,1134000,1134000,0,0,0,3,2024-03-21,2024-03-24
TXN000409,CUST7387,PROJ-1002,C-0804,1265000,275000,990000,0,0,5,2025-11-10,2025-11-15
TXN000113,CUST3815,PROJ-1006,E-1512,892000,892000,0,0,0,7,2025-02-14,2025-02-21
TXN002263,CUST6727,PROJ-1008,D-0211,617000,617000,0,0,0,13,2024-04-14,2024-04-27
TXN001357,CUST4782,PROJ-1001,B-2401,507000,499000,0,8000,0,3,2025-10-29,2025-11-01
TXN001189,CUST5478,PROJ-1003,E-2503,1103000,1103000,0,0,0,3,2025-04-24,2025-04-27
TXN001178,CUST7411,PROJ-1001,D-0505,1133000,1133000,0,0,0,0,2025-03-25,2025-03-25
TXN002239,CUST4615,PROJ-1004,C-1009,2497000,2497000,0,0,0,1,2024-07-10,2024-07-11
TXN000126,CUST3962,PROJ-1003,E-2603,546000,546000,0,0,0,9,2025-03-30,2025-04-08
TXN000018,CUST8749,PROJ-1004,D-0702,526000,122000,404000,0,0,29,2025-10-31,2025-11-29
TXN001902,CUST2853,PROJ-1004,D-0610,1621000,0,1621000,0,0,17,2024-01-06,
TXN002377,CUST9971,PROJ-1007,B-2310,495000,495000,0,0,0,8,2025-09-06,2025-09-14
TXN001081,CUST9761,PROJ-1005,E-2802,534000,534000,0,0,0,12,2024-07-06,2024-07-18
TXN001602,CUST5862,PROJ-1008,B-2912,1259000,507000,752000,0,0,6,2024-06-04,2024-06-10
TXN001786,CUST3796,PROJ-1008,E-3006,845000,233000,612000,0,0,13,2025-06-14,2025-06-27
TXN000408,CUST2565,PROJ-1002,A-3008,1113000,1088000,0,25000,0,9,2024-09-25,2024-10-04
TXN001596,CUST3916,PROJ-1001,D-2902,465000,301000,164000,0,0,26,2024-08-20,2024-09-15
TXN000078,CUST9903,PROJ-1006,D-1506,850000,192000,658000,0,0,12,2025-04-29,2025-05-11
TXN000264,CUST1719,PROJ-1002,B-2909,1235000,677000,558000,0,0,1,2025-06-01,2025-06-02
TXN001036,CUST7114,PROJ-1005,E-1108,815000,0,777000,38000,0,3,2025-06-03,
TXN001141,CUST7575,PROJ-1006,C-2503,1398000,1067000,302000,29000,0,16,2024-11-20,2024-12-06
TXN001532,CUST6800,PROJ-1007,A-2508,2381000,2381000,0,0,0,20,2024-02-16,2024-03-07
TXN001042,CUST7452,PROJ-1007,E-0306,1202000,1202000,0,0,0,2,2025-09-15,2025-09-17
TXN000006,CUST3664,PROJ-1006,C-1204,1536000,1536000,0,0,0,7,2024-06-24,2024-07-01
TXN000846,CUST4586,PROJ-1001,D-0612,2269000,2269000,0,0,0,10,2024-11-16,2024-11-26
TXN001019,CUST3916,PROJ-1006,A-2806,1308000,1308000,0,0,0,20,2025-07-27,2025-08-16
TXN000038,CUST4143,PROJ-1003,D-2207,1197000,1197000,0,0,0,3,2024-10-20,2024-10-23
TXN001252,CUST6752,PROJ-1004,D-2302,1076000,763000,274000,39000,0,15,2025-05-31,2025-06-15
TXN001931,CUST7462,PROJ-1007,B-2712,542000,215000,315000,12000,0,27,2024-02-23,2024-03-21
TXN002287,CUST6505,PROJ-1004,A-1412,562000,562000,0,0,0,15,2025-09-22,2025-10-07
TXN001580,CUST7388,PROJ-1007,D-0902,307000,307000,0,0,0,12,2024-03-29,2024-04-10
TXN002508,CUST5867,PROJ-1005,B-2105,959000,959000,0,0,0,186,2025-05-22,2025-11-24
TXN001747,CUST9656,PROJ-1002,D-1112,513000,513000,0,0,0,0,2025-10-28,2025-10-28
TXN001729,CUST2917,PROJ-1005,A-1107,644000,279000,353000,12000,0,3,2025-03-22,2025-03-25
TXN000508,CUST8317,PROJ-1003,C-2603,1621000,1163000,458000,0,0,29,2024-12-17,2025-01-15
TXN000906,CUST7267,PROJ-1001,D-0705,1022000,1004000,0,18000,0,11,2024-04-21,2024-05-02
TXN001624,CUST6296,PROJ-1008,E-2803,390000,390000,0,0,0,5,2024-06-20,2024-06-25
TXN001703,CUST1787,PROJ-1006,B-1003,1027000,314000,677000,36000,0,4,2025-04-13,2025-04-17
TXN000459,CUST4014,PROJ-1006,D-1608,772000,161000,611000,0,0,26,2024-10-03,2024-10-29
TXN002483,CUST1405,PROJ-1005,B-1901,2064000,2064000,212000,0,0,13,2024-12-23,2025-01-05
TXN000124,CUST9331,PROJ-1007,C-0106,989000,312000,677000,0,0,2,2024-05-20,2024-05-22
TXN002295,CUST9248,PROJ-1001,D-0810,764000,498000,243000,23000,0,3,2025-03-29,2025-04-01
TXN000580,CUST4510,PROJ-1007,E-0807,465000,287000,173000,5000,0,12,2025-07-24,2025-08-05
TXN002348,CUST6628,PROJ-1006,A-1505,957000,957000,0,0,25000,10,2025-07-26,2025-08-05
TXN001781,CUST2435,PROJ-1008,D-1512,670000,0,670000,0,0,7,2024-11-13,
TXN000470,CUST5009,PROJ-1001,E-0910,1435000,1418000,0,17000,0,11,2024-02-03,2024-02-14
TXN002353,CUST1843,PROJ-1007,A-2805,1923000,0,1923000,0,0,16,2024-08-08,
TXN000839,CUST7301,PROJ-1004,A-1912,1053000,655000,398000,0,0,5,2024-08-28,2024-09-02
TXN001356,CUST1023,PROJ-1008,A-1310,865000,474000,391000,0,0,3,2025-11-18,2025-11-21
TXN001872,CUST2976,PROJ-1008,E-0708,1678000,1678000,0,0,0,22,2024-04-18,2024-05-10
TXN000809,CUST1346,PROJ-1002,B-0506,1029000,417000,612000,0,0,13,2025-09-03,2025-09-16
TXN001125,CUST1273,PROJ-1004,B-2412,1351000,696000,655000,0,0,5,2025-06-29,2025-07-04
TXN000584,CUST4281,PROJ-1006,E-2807,422000,422000,0,0,0,14,2025-12-31,2026-01-14
TXN001113,CUST3975,PROJ-1003,C-2902,631000,470000,161000,0,0,10,2024-09-28,2024-10-08
TXN000780,CUST7169,PROJ-1003,D-2203,350000,0,350000,0,0,16,2024-04-30,
TXN000012,CUST1053,PROJ-1008,C-1703,1223000,691000,532000,0,0,5,2024-06-05,2024-06-10
TXN000946,CUST1973,PROJ-1006,B-0709,1769000,1769000,0,0,0,1,2025-05-20,2025-05-21
TXN002167,CUST3068,PROJ-1006,E-2502,1102000,1102000,0,0,0,1,2025-10-05,2025-10-06
